scenario_id,axis,held_out_value,outer_fold,feature_set,model,fit_runs,threshold_runs,test_runs,threshold,precision,recall,f1,balanced_accuracy,mcc,roc_auc,pr_auc,false_positive_rate,attack_event_recall,attacked_run_alert_recall,normal_run_false_positive_rate,tn,fp,fn,tp
holdout_object_cube,object,cube,1,cyber_only,logistic_regression,196,49,105,0.93,0.0,0.0,0.0,0.4956726986624705,-0.020604985179518517,0.5326514555468136,0.04771396327529688,0.00865460267505901,0.0,0.16923076923076924,0.0,1260,11,65,0
holdout_object_cube,object,cube,1,cyber_only,random_forest,196,49,105,0.45,0.0,0.0,0.0,0.5,0.0,0.9721116020093203,0.509986733983287,0.0,0.0,0.0,0.0,1271,0,65,0
holdout_object_cube,object,cube,1,cyber_only,hist_gradient_boosting,196,49,105,0.935,0.0,0.0,0.0,0.4956726986624705,-0.020604985179518517,0.8082551594746717,0.13747083570781998,0.00865460267505901,0.0,0.16923076923076924,0.0,1260,11,65,0
holdout_object_cube,object,cube,1,physical_only,logistic_regression,196,49,105,0.9500000000000001,0.0,0.0,0.0,0.4996066089693155,-0.0061893247463450434,0.7623918174665618,0.09664541898355528,0.0007867820613690008,0.0,0.0,0.025,1270,1,65,0
holdout_object_cube,object,cube,1,physical_only,random_forest,196,49,105,0.615,0.0,0.0,0.0,0.5,0.0,0.9536282757368517,0.5163353312736867,0.0,0.0,0.0,0.0,1271,0,65,0
holdout_object_cube,object,cube,1,physical_only,hist_gradient_boosting,196,49,105,0.975,0.0,0.0,0.0,0.5,0.0,0.866840162198148,0.400436951216334,0.0,0.0,0.0,0.0,1271,0,65,0
holdout_object_cube,object,cube,1,fused,logistic_regression,196,49,105,0.92,0.0,0.0,0.0,0.5,0.0,0.7034194758821037,0.07538606570203243,0.0,0.0,0.0,0.0,1271,0,65,0
holdout_object_cube,object,cube,1,fused,random_forest,196,49,105,0.625,0.0,0.0,0.0,0.5,0.0,0.9376384433819526,0.5191761063786907,0.0,0.0,0.0,0.0,1271,0,65,0
holdout_object_cube,object,cube,1,fused,hist_gradient_boosting,196,49,105,0.99,0.0,0.0,0.0,0.5,0.0,0.9707922290141016,0.4764174781901949,0.0,0.0,0.0,0.0,1271,0,65,0
holdout_object_cube,object,cube,2,cyber_only,logistic_regression,186,47,93,0.905,0.0,0.0,0.0,0.49487895716945995,-0.022054643364611062,0.6795790731175995,0.06607349327183969,0.010242085661080074,0.0,0.11320754716981132,0.125,1063,11,53,0
holdout_object_cube,object,cube,2,cyber_only,random_forest,186,47,93,0.615,0.0,0.0,0.0,0.5,0.0,0.9760988721408242,0.5733696753062552,0.0,0.0,0.0,0.0,1074,0,53,0
holdout_object_cube,object,cube,2,cyber_only,hist_gradient_boosting,186,47,93,0.93,0.0,0.0,0.0,0.4967411545623836,-0.017562074000612216,0.9063016057060539,0.28634612918957814,0.006517690875232775,0.0,0.1320754716981132,0.0,1067,7,53,0
holdout_object_cube,object,cube,2,physical_only,logistic_regression,186,47,93,0.9600000000000001,0.0,0.0,0.0,0.5,0.0,0.7915041635922843,0.09793312846554299,0.0,0.0,0.0,0.0,1074,0,53,0
holdout_object_cube,object,cube,2,physical_only,random_forest,186,47,93,0.5,0.0,0.0,0.0,0.5,0.0,0.9120199571343242,0.5488072870377733,0.0,0.0,0.0,0.0,1074,0,53,0
holdout_object_cube,object,cube,2,physical_only,hist_gradient_boosting,186,47,93,0.99,0.0,0.0,0.0,0.5,0.0,0.8951899089982784,0.33057105954914334,0.0,0.0,0.0,0.0,1074,0,53,0
holdout_object_cube,object,cube,2,fused,logistic_regression,186,47,93,0.915,0.0,0.0,0.0,0.5,0.0,0.7903798179965567,0.09865023055826547,0.0,0.0,0.0,0.0,1074,0,53,0
holdout_object_cube,object,cube,2,fused,random_forest,186,47,93,0.49,0.0,0.0,0.0,0.5,0.0,0.9712589157092162,0.6522040543082802,0.0,0.0,0.0,0.0,1074,0,53,0
holdout_object_cube,object,cube,2,fused,hist_gradient_boosting,186,47,93,0.99,0.0,0.0,0.0,0.49906890130353815,-0.009366439466993181,0.9710481009100171,0.4921559780527827,0.00186219739292365,0.0,0.03773584905660377,0.0,1072,2,53,0
holdout_object_cube,object,cube,3,cyber_only,logistic_regression,192,48,100,0.93,0.0,0.0,0.0,0.4957983193277311,-0.020164678490039667,0.5618907563025209,0.04984494876676028,0.008403361344537815,0.0,0.16666666666666666,0.0,1180,10,60,0
holdout_object_cube,object,cube,3,cyber_only,random_forest,192,48,100,0.7100000000000001,0.0,0.0,0.0,0.5,0.0,0.9636834733893557,0.5170611219599079,0.0,0.0,0.0,0.0,1190,0,60,0
holdout_object_cube,object,cube,3,cyber_only,hist_gradient_boosting,192,48,100,0.99,0.0,0.0,0.0,0.4995798319327731,-0.006353615442969398,0.8835784313725489,0.22199681800105373,0.0008403361344537816,0.0,0.0,0.025,1189,1,60,0
holdout_object_cube,object,cube,3,physical_only,logistic_regression,192,48,100,0.9500000000000001,0.0,0.0,0.0,0.49831932773109244,-0.012722519318441297,0.7695798319327731,0.09565341050502325,0.0033613445378151263,0.0,0.0,0.1,1186,4,60,0
holdout_object_cube,object,cube,3,physical_only,random_forest,192,48,100,0.365,1.0,0.06666666666666667,0.125,0.5333333333333333,0.25232996648241907,0.8331652661064426,0.39108294946171995,0.0,0.06666666666666667,0.06666666666666667,0.0,1190,0,56,4
holdout_object_cube,object,cube,3,physical_only,hist_gradient_boosting,192,48,100,0.14,0.0,0.0,0.0,0.5,0.0,0.7236904761904761,0.38083290982831514,0.0,0.0,0.0,0.0,1190,0,60,0
holdout_object_cube,object,cube,3,fused,logistic_regression,192,48,100,0.9,0.0,0.0,0.0,0.4991596638655462,-0.008988968316207744,0.7518207282913165,0.08648344925193069,0.0016806722689075631,0.0,0.016666666666666666,0.025,1188,2,60,0
holdout_object_cube,object,cube,3,fused,random_forest,192,48,100,0.37,0.0,0.0,0.0,0.5,0.0,0.8380602240896358,0.4972272665809081,0.0,0.0,0.0,0.0,1190,0,60,0
holdout_object_cube,object,cube,3,fused,hist_gradient_boosting,192,48,100,0.53,0.0,0.0,0.0,0.4957983193277311,-0.020164678490039667,0.9162605042016807,0.3331003900319231,0.008403361344537815,0.0,0.16666666666666666,0.0,1180,10,60,0
holdout_object_cube,object,cube,4,cyber_only,logistic_regression,190,48,98,0.93,0.0,0.0,0.0,0.49568221070811747,-0.02037914987108083,0.5552974807932821,0.04904098615464352,0.008635578583765112,0.0,0.1724137931034483,0.0,1148,10,58,0
holdout_object_cube,object,cube,4,cyber_only,random_forest,190,48,98,0.495,0.0,0.0,0.0,0.4995682210708117,-0.006420540327366508,0.9673336906676197,0.530781383266256,0.0008635578583765112,0.0,0.017241379310344827,0.0,1157,1,58,0
holdout_object_cube,object,cube,4,cyber_only,hist_gradient_boosting,190,48,98,0.915,0.0,0.0,0.0,0.5,0.0,0.8831516884045024,0.20734217421105947,0.0,0.0,0.0,0.0,1158,0,58,0
holdout_object_cube,object,cube,4,physical_only,logistic_regression,190,48,98,0.9550000000000001,0.0,0.0,0.0,0.4991364421416235,-0.009083754148644214,0.7895598832708,0.10524957400464727,0.0017271157167530224,0.0,0.034482758620689655,0.0,1156,2,58,0
holdout_object_cube,object,cube,4,physical_only,random_forest,190,48,98,0.495,1.0,0.06896551724137931,0.12903225806451613,0.5344827586206896,0.25669592161966526,0.9290021440057175,0.4763904092414768,0.0,0.06896551724137931,0.06896551724137931,0.0,1158,0,54,4
holdout_object_cube,object,cube,4,physical_only,hist_gradient_boosting,190,48,98,0.9650000000000001,0.0,0.0,0.0,0.5,0.0,0.8516690488952415,0.37315523059749683,0.0,0.0,0.0,0.0,1158,0,58,0
holdout_object_cube,object,cube,4,fused,logistic_regression,190,48,98,0.9600000000000001,0.0,0.0,0.0,0.4995682210708117,-0.006420540327366508,0.7938925614912751,0.12838206456683054,0.0008635578583765112,0.0,0.0,0.025,1157,1,58,0
holdout_object_cube,object,cube,4,fused,random_forest,190,48,98,0.56,0.0,0.0,0.0,0.5,0.0,0.9578271097611816,0.5695818876099062,0.0,0.0,0.0,0.0,1158,0,58,0
holdout_object_cube,object,cube,4,fused,hist_gradient_boosting,190,48,98,0.99,0.0,0.0,0.0,0.5,0.0,0.9541420999344887,0.3607109031519971,0.0,0.0,0.0,0.0,1158,0,58,0
holdout_object_cube,object,cube,5,cyber_only,logistic_regression,195,49,104,0.975,0.0,0.0,0.0,0.4992044550517104,-0.008786480473215147,0.5402247414478918,0.04824604910347315,0.0015910898965791568,0.0,0.015625,0.025,1255,2,64,0
holdout_object_cube,object,cube,5,cyber_only,random_forest,195,49,104,0.66,0.0,0.0,0.0,0.5,0.0,0.9666616945107398,0.5235928408559939,0.0,0.0,0.0,0.0,1257,0,64,0
holdout_object_cube,object,cube,5,cyber_only,hist_gradient_boosting,195,49,104,0.915,0.0,0.0,0.0,0.49482895783611774,-0.02249521520610341,0.8863551610978521,0.19207797522154116,0.010342084327764518,0.0,0.203125,0.0,1244,13,64,0
holdout_object_cube,object,cube,5,physical_only,logistic_regression,195,49,104,0.9450000000000001,0.0,0.0,0.0,0.4992044550517104,-0.008786480473215147,0.7492044550517104,0.08940372197870393,0.0015910898965791568,0.0,0.015625,0.025,1255,2,64,0
holdout_object_cube,object,cube,5,physical_only,random_forest,195,49,104,0.645,0.0,0.0,0.0,0.5,0.0,0.8048926014319808,0.3988241601159773,0.0,0.0,0.0,0.0,1257,0,64,0
holdout_object_cube,object,cube,5,physical_only,hist_gradient_boosting,195,49,104,0.935,0.0,0.0,0.0,0.5,0.0,0.7591363365155132,0.36745717839815745,0.0,0.0,0.0,0.0,1257,0,64,0
holdout_object_cube,object,cube,5,fused,logistic_regression,195,49,104,0.9500000000000001,0.6,0.046875,0.08695652173913043,0.5226419550517104,0.1583392555049266,0.7408512330946698,0.15056214726145023,0.0015910898965791568,0.046875,0.046875,0.05,1255,2,61,3
holdout_object_cube,object,cube,5,fused,random_forest,195,49,104,0.7000000000000001,0.0,0.0,0.0,0.5,0.0,0.8163658512330946,0.46217514449327324,0.0,0.0,0.0,0.0,1257,0,64,0
holdout_object_cube,object,cube,5,fused,hist_gradient_boosting,195,49,104,0.9450000000000001,0.0,0.0,0.0,0.4972155926809865,-0.01646924482141239,0.9153055389817024,0.3374499446742087,0.005568814638027049,0.0,0.109375,0.0,1250,7,64,0
holdout_object_cylinder,object,cylinder,1,cyber_only,logistic_regression,316,79,55,0.715,0.0,0.0,0.0,0.4798439531859558,-0.02833777961569287,0.6540095361941916,0.02692588674631438,0.04031209362808843,0.0,0.2,0.7,738,31,15,0
holdout_object_cylinder,object,cylinder,1,cyber_only,random_forest,316,79,55,0.31,0.8,0.5333333333333333,0.64,0.7653662765496316,0.6479090489169257,0.9967056783701778,0.848408214243791,0.002600780234070221,0.5333333333333333,0.6,0.025,767,2,7,8
holdout_object_cylinder,object,cylinder,1,cyber_only,hist_gradient_boosting,316,79,55,0.765,0.5,0.06666666666666667,0.11764705882352941,0.5326831382748158,0.17751872585640566,0.9864759427828348,0.6490075949964149,0.0013003901170351106,0.06666666666666667,0.06666666666666667,0.025,768,1,14,1
holdout_object_cylinder,object,cylinder,1,physical_only,logistic_regression,316,79,55,0.935,0.0,0.0,0.0,0.4960988296488947,-0.012265020722897719,0.7900303424360642,0.060123494565816664,0.007802340702210663,0.0,0.0,0.125,763,6,15,0
holdout_object_cylinder,object,cylinder,1,physical_only,random_forest,316,79,55,0.41000000000000003,0.0,0.0,0.0,0.5,0.0,0.9824880797572605,0.5692685518385983,0.0,0.0,0.0,0.0,769,0,15,0
holdout_object_cylinder,object,cylinder,1,physical_only,hist_gradient_boosting,316,79,55,0.03,0.5,0.06666666666666667,0.11764705882352941,0.5326831382748158,0.17751872585640566,0.9460771564802775,0.3746053310022258,0.0013003901170351106,0.06666666666666667,0.06666666666666667,0.025,768,1,14,1
holdout_object_cylinder,object,cylinder,1,fused,logistic_regression,316,79,55,0.915,0.0,0.0,0.0,0.4986996098829649,-0.007063079278106326,0.8071087993064586,0.07249326656115829,0.002600780234070221,0.0,0.0,0.05,767,2,15,0
holdout_object_cylinder,object,cylinder,1,fused,random_forest,316,79,55,0.47000000000000003,0.0,0.0,0.0,0.5,0.0,0.9933246640658864,0.787964630828408,0.0,0.0,0.0,0.0,769,0,15,0
holdout_object_cylinder,object,cylinder,1,fused,hist_gradient_boosting,316,79,55,0.105,1.0,0.2,0.3333333333333333,0.6,0.4437645959800382,0.9950585175552666,0.8334135000801667,0.0,0.2,0.2,0.0,769,0,12,3
holdout_object_cylinder,object,cylinder,2,cyber_only,logistic_regression,325,82,67,0.8400000000000001,0.0,0.0,0.0,0.5,0.0,0.5075914423740511,0.026942531404148564,0.0,0.0,0.0,0.0,966,0,27,0
holdout_object_cylinder,object,cylinder,2,cyber_only,random_forest,325,82,67,0.5750000000000001,1.0,0.14814814814814814,0.25806451612903225,0.5740740740740741,0.38039826810497046,0.9930220075147612,0.7890339447276047,0.0,0.14814814814814814,0.14814814814814814,0.0,966,0,23,4
holdout_object_cylinder,object,cylinder,2,cyber_only,hist_gradient_boosting,325,82,67,0.74,0.8,0.14814814814814814,0.25,0.5735564757303888,0.33803205018822424,0.9866574649183345,0.677165121336065,0.0010351966873706005,0.14814814814814814,0.18518518518518517,0.0,965,1,23,4
holdout_object_cylinder,object,cylinder,2,physical_only,logistic_regression,325,82,67,0.92,0.0,0.0,0.0,0.4968944099378882,-0.013034979957267288,0.7795797868261637,0.07827668640502064,0.006211180124223602,0.0,0.0,0.15,960,6,27,0
holdout_object_cylinder,object,cylinder,2,physical_only,random_forest,325,82,67,0.525,0.0,0.0,0.0,0.5,0.0,0.9898013955984971,0.7085998340047084,0.0,0.0,0.0,0.0,966,0,27,0
holdout_object_cylinder,object,cylinder,2,physical_only,hist_gradient_boosting,325,82,67,0.060000000000000005,1.0,0.1111111111111111,0.2,0.5555555555555556,0.32926814060505216,0.9541446208112875,0.4534263524936979,0.0,0.1111111111111111,0.1111111111111111,0.0,966,0,24,3
holdout_object_cylinder,object,cylinder,2,fused,logistic_regression,325,82,67,0.93,0.0,0.0,0.0,0.4984472049689441,-0.009203146787097731,0.7942642435396059,0.0943165613539035,0.003105590062111801,0.0,0.0,0.075,963,3,27,0
holdout_object_cylinder,object,cylinder,2,fused,random_forest,325,82,67,0.5750000000000001,0.0,0.0,0.0,0.5,0.0,0.9910666359941722,0.7560641421323275,0.0,0.0,0.0,0.0,966,0,27,0
holdout_object_cylinder,object,cylinder,2,fused,hist_gradient_boosting,325,82,67,0.43,1.0,0.2222222222222222,0.36363636363636365,0.6111111111111112,0.46636261624889636,0.9924852388620505,0.7595679357806409,0.0,0.2222222222222222,0.2222222222222222,0.0,966,0,21,6
holdout_object_cylinder,object,cylinder,3,cyber_only,logistic_regression,320,80,60,0.8400000000000001,0.0,0.0,0.0,0.4970588235294118,-0.011662253662548649,0.5671764705882353,0.026608733368265077,0.0058823529411764705,0.0,0.0,0.125,845,5,20,0
holdout_object_cylinder,object,cylinder,3,cyber_only,random_forest,320,80,60,0.34,0.8333333333333334,0.5,0.625,0.7488235294117647,0.6394574263250609,0.997,0.8879025720656157,0.002352941176470588,0.5,0.5,0.025,848,2,10,10
holdout_object_cylinder,object,cylinder,3,cyber_only,hist_gradient_boosting,320,80,60,0.20500000000000002,1.0,0.35,0.5185185185185185,0.675,0.5871351582816196,0.9875294117647059,0.7118139655919976,0.0,0.35,0.35,0.0,850,0,13,7
holdout_object_cylinder,object,cylinder,3,physical_only,logistic_regression,320,80,60,0.85,0.0,0.0,0.0,0.4852941176470588,-0.02638439771423213,0.8427647058823531,0.07461351881469702,0.029411764705882353,0.0,0.35,0.45,825,25,20,0
holdout_object_cylinder,object,cylinder,3,physical_only,random_forest,320,80,60,0.6,0.0,0.0,0.0,0.5,0.0,0.9921764705882352,0.7739223149595487,0.0,0.0,0.0,0.0,850,0,20,0
holdout_object_cylinder,object,cylinder,3,physical_only,hist_gradient_boosting,320,80,60,0.01,1.0,0.25,0.4,0.625,0.49564578065831755,0.9718235294117648,0.5677084624655215,0.0,0.25,0.25,0.0,850,0,15,5
holdout_object_cylinder,object,cylinder,3,fused,logistic_regression,320,80,60,0.8400000000000001,0.16666666666666666,0.1,0.125,0.5441176470588236,0.11337897629876965,0.8737647058823529,0.1566449567985734,0.011764705882352941,0.1,0.15,0.2,840,10,18,2
holdout_object_cylinder,object,cylinder,3,fused,random_forest,320,80,60,0.7050000000000001,0.0,0.0,0.0,0.5,0.0,0.9898235294117647,0.7326122651857947,0.0,0.0,0.0,0.0,850,0,20,0
holdout_object_cylinder,object,cylinder,3,fused,hist_gradient_boosting,320,80,60,0.48500000000000004,0.0,0.0,0.0,0.5,0.0,0.9954705882352941,0.7769202375724116,0.0,0.0,0.0,0.0,850,0,20,0
holdout_object_cylinder,object,cylinder,4,cyber_only,logistic_regression,321,81,62,0.8350000000000001,0.0,0.0,0.0,0.49943310657596374,-0.005255731529152698,0.5381364667078954,0.02573771901133458,0.0011337868480725624,0.0,0.0,0.025,881,1,22,0
holdout_object_cylinder,object,cylinder,4,cyber_only,random_forest,321,81,62,0.515,0.875,0.3181818181818182,0.4666666666666667,0.6585240156668728,0.5216409720086999,0.9984023912595341,0.9026305945445159,0.0011337868480725624,0.3181818181818182,0.3181818181818182,0.025,881,1,15,7
holdout_object_cylinder,object,cylinder,4,cyber_only,hist_gradient_boosting,321,81,62,0.395,1.0,0.18181818181818182,0.3076923076923077,0.5909090909090909,0.42211588240886905,0.9941764584621728,0.8038926321915211,0.0,0.18181818181818182,0.18181818181818182,0.0,882,0,18,4
holdout_object_cylinder,object,cylinder,4,physical_only,logistic_regression,321,81,62,0.925,0.0,0.0,0.0,0.49829931972789115,-0.009113291872865277,0.7739641311069883,0.06769281660166795,0.003401360544217687,0.0,0.045454545454545456,0.05,879,3,22,0
holdout_object_cylinder,object,cylinder,4,physical_only,random_forest,321,81,62,0.455,0.0,0.0,0.0,0.5,0.0,0.9891774891774892,0.6011094649045322,0.0,0.0,0.0,0.0,882,0,22,0
holdout_object_cylinder,object,cylinder,4,physical_only,hist_gradient_boosting,321,81,62,0.97,1.0,0.09090909090909091,0.16666666666666666,0.5454545454545454,0.2981499090600661,0.9441867656153371,0.305897494594735,0.0,0.09090909090909091,0.09090909090909091,0.0,882,0,20,2
holdout_object_cylinder,object,cylinder,4,fused,logistic_regression,321,81,62,0.895,0.0,0.0,0.0,0.4988662131519274,-0.007436845804219337,0.7986497629354772,0.0855571045987391,0.0022675736961451248,0.0,0.0,0.05,880,2,22,0
holdout_object_cylinder,object,cylinder,4,fused,random_forest,321,81,62,0.47500000000000003,0.0,0.0,0.0,0.5,0.0,0.9908266336837765,0.7553906216846069,0.0,0.0,0.0,0.0,882,0,22,0
holdout_object_cylinder,object,cylinder,4,fused,hist_gradient_boosting,321,81,62,0.155,1.0,0.22727272727272727,0.37037037037037035,0.6136363636363636,0.4722023112528711,0.9927334570191714,0.759008428837378,0.0,0.22727272727272727,0.22727272727272727,0.0,882,0,17,5
holdout_object_cylinder,object,cylinder,5,cyber_only,logistic_regression,316,80,56,0.765,0.0,0.0,0.0,0.4827586206896552,-0.02673328585208946,0.5948275862068966,0.025071289225722125,0.034482758620689655,0.0,0.25,0.575,756,27,16,0
holdout_object_cylinder,object,cylinder,5,cyber_only,random_forest,316,80,56,0.34500000000000003,0.8888888888888888,0.5,0.64,0.7493614303959131,0.6620112170566044,0.9968869731800767,0.8784286587595411,0.001277139208173691,0.5,0.5,0.025,782,1,8,8
holdout_object_cylinder,object,cylinder,5,cyber_only,hist_gradient_boosting,316,80,56,0.23,1.0,0.3125,0.47619047619047616,0.65625,0.5551312051324793,0.9863505747126436,0.6438329152894748,0.0,0.3125,0.3125,0.0,783,0,11,5
holdout_object_cylinder,object,cylinder,5,physical_only,logistic_regression,316,80,56,0.9,0.0,0.0,0.0,0.49361430395913153,-0.016093133304412793,0.7794540229885057,0.056858330997177076,0.01277139208173691,0.0,0.0625,0.225,773,10,16,0
holdout_object_cylinder,object,cylinder,5,physical_only,random_forest,316,80,56,0.63,0.0,0.0,0.0,0.5,0.0,0.9871487867177522,0.5846633542556068,0.0,0.0,0.0,0.0,783,0,16,0
holdout_object_cylinder,object,cylinder,5,physical_only,hist_gradient_boosting,316,80,56,0.37,1.0,0.25,0.4,0.625,0.49621206665531586,0.9457215836526182,0.43530856249688804,0.0,0.25,0.25,0.0,783,0,12,4
holdout_object_cylinder,object,cylinder,5,fused,logistic_regression,316,80,56,0.885,0.0,0.0,0.0,0.49808429118773945,-0.00877572900609193,0.8145753512132822,0.08464087258277762,0.0038314176245210726,0.0,0.0,0.075,780,3,16,0
holdout_object_cylinder,object,cylinder,5,fused,random_forest,316,80,56,0.7050000000000001,0.0,0.0,0.0,0.5,0.0,0.990102171136654,0.6680599155162906,0.0,0.0,0.0,0.0,783,0,16,0
holdout_object_cylinder,object,cylinder,5,fused,hist_gradient_boosting,316,80,56,0.03,1.0,0.125,0.2222222222222222,0.5625,0.35043439613926397,0.9896232439335887,0.7616282410400057,0.0,0.125,0.125,0.0,783,0,14,2
holdout_severity_high,severity,high,1,cyber_only,logistic_regression,294,74,64,0.885,0.4230769230769231,0.4583333333333333,0.44,0.720020325203252,0.42329390892466395,0.811178861788618,0.4202488566256618,0.018292682926829267,0.4583333333333333,0.625,0.175,805,15,13,11
holdout_severity_high,severity,high,1,cyber_only,random_forest,294,74,64,0.72,1.0,0.4583333333333333,0.6285714285714286,0.7291666666666666,0.6716996889897118,0.9892784552845528,0.8217118776419313,0.0,0.4583333333333333,0.4583333333333333,0.0,820,0,13,11
holdout_severity_high,severity,high,1,cyber_only,hist_gradient_boosting,294,74,64,0.975,0.9230769230769231,0.5,0.6486486486486487,0.749390243902439,0.673208846979629,0.9892022357723578,0.8242059848546442,0.0012195121951219512,0.5,0.5,0.025,819,1,12,12
holdout_severity_high,severity,high,1,physical_only,logistic_regression,294,74,64,0.915,0.5185185185185185,0.5833333333333334,0.5490196078431373,0.7837398373983739,0.5360063662053217,0.8196138211382114,0.37851274576077937,0.015853658536585366,0.5833333333333334,0.7916666666666666,0.2,807,13,10,14
holdout_severity_high,severity,high,1,physical_only,random_forest,294,74,64,0.56,1.0,0.75,0.8571428571428571,0.875,0.8628743002960397,0.9929369918699187,0.8817604081754218,0.0,0.75,0.75,0.0,820,0,6,18
holdout_severity_high,severity,high,1,physical_only,hist_gradient_boosting,294,74,64,0.935,1.0,0.75,0.8571428571428571,0.875,0.8628743002960397,0.9727134146341464,0.7991427512766509,0.0,0.75,0.75,0.0,820,0,6,18
holdout_severity_high,severity,high,1,fused,logistic_regression,294,74,64,0.855,0.5333333333333333,0.6666666666666666,0.5925925925925926,0.8247967479674796,0.5831514839528277,0.804979674796748,0.3474668575967379,0.01707317073170732,0.6666666666666666,0.9166666666666666,0.2,806,14,8,16
holdout_severity_high,severity,high,1,fused,random_forest,294,74,64,0.62,1.0,0.75,0.8571428571428571,0.875,0.8628743002960397,0.9979674796747968,0.9501268399890961,0.0,0.75,0.75,0.0,820,0,6,18
holdout_severity_high,severity,high,1,fused,hist_gradient_boosting,294,74,64,0.97,1.0,0.75,0.8571428571428571,0.875,0.8628743002960397,0.9990853658536585,0.9737992646187446,0.0,0.75,0.75,0.0,820,0,6,18
holdout_severity_high,severity,high,2,cyber_only,logistic_regression,294,74,64,0.735,0.19767441860465115,0.7083333333333334,0.3090909090909091,0.8120934959349594,0.34295996982023,0.7369918699186992,0.412233433133449,0.08414634146341464,0.7083333333333334,0.9583333333333334,1.0,751,69,7,17
holdout_severity_high,severity,high,2,cyber_only,random_forest,294,74,64,0.495,0.8333333333333334,0.4166666666666667,0.5555555555555556,0.7071138211382114,0.5815664409369736,0.9922764227642276,0.8013831078855482,0.0024390243902439024,0.4166666666666667,0.4166666666666667,0.05,818,2,14,10
holdout_severity_high,severity,high,2,cyber_only,hist_gradient_boosting,294,74,64,0.5,0.8333333333333334,0.4166666666666667,0.5555555555555556,0.7071138211382114,0.5815664409369736,0.9889227642276424,0.7772073132279059,0.0024390243902439024,0.4166666666666667,0.4166666666666667,0.025,818,2,14,10
holdout_severity_high,severity,high,2,physical_only,logistic_regression,294,74,64,0.88,0.4117647058823529,0.5833333333333334,0.4827586206896552,0.7794715447154472,0.47249603686825065,0.799339430894309,0.4268208907889699,0.024390243902439025,0.5833333333333334,0.8333333333333334,0.275,800,20,10,14
holdout_severity_high,severity,high,2,physical_only,random_forest,294,74,64,0.6,1.0,0.6666666666666666,0.8,0.8333333333333333,0.8125425790899443,0.988719512195122,0.853990128970143,0.0,0.6666666666666666,0.6666666666666666,0.0,820,0,8,16
holdout_severity_high,severity,high,2,physical_only,hist_gradient_boosting,294,74,64,0.9400000000000001,1.0,0.7083333333333334,0.8292682926829268,0.8541666666666667,0.8380559450474794,0.8582063008130081,0.7620117925513346,0.0,0.7083333333333334,0.7083333333333334,0.0,820,0,7,17
holdout_severity_high,severity,high,2,fused,logistic_regression,294,74,64,0.9500000000000001,0.5,0.375,0.42857142857142855,0.6820121951219512,0.41880972136319977,0.7673780487804879,0.2803194108328309,0.01097560975609756,0.375,0.625,0.075,811,9,15,9
holdout_severity_high,severity,high,2,fused,random_forest,294,74,64,0.67,1.0,0.7083333333333334,0.8292682926829268,0.8541666666666667,0.8380559450474794,0.9971036585365854,0.9257827089169001,0.0,0.7083333333333334,0.7083333333333334,0.0,820,0,7,17
holdout_severity_high,severity,high,2,fused,hist_gradient_boosting,294,74,64,0.98,1.0,0.75,0.8571428571428571,0.875,0.8628743002960397,0.9999491869918699,0.9983333333333332,0.0,0.75,0.75,0.0,820,0,6,18
holdout_severity_high,severity,high,3,cyber_only,logistic_regression,294,74,64,0.8400000000000001,0.25,0.4583333333333333,0.3235294117647059,0.7090447154471544,0.3126154258374732,0.7383130081300814,0.3976065778780287,0.04024390243902439,0.4583333333333333,0.5833333333333334,0.525,787,33,13,11
holdout_severity_high,severity,high,3,cyber_only,random_forest,294,74,64,0.48500000000000004,0.8571428571428571,0.5,0.631578947368421,0.748780487804878,0.6475238864918542,0.9917174796747967,0.8188538810925154,0.0024390243902439024,0.5,0.5,0.05,818,2,12,12
holdout_severity_high,severity,high,3,cyber_only,hist_gradient_boosting,294,74,64,0.5800000000000001,1.0,0.5,0.6666666666666666,0.75,0.7019889326324608,0.989405487804878,0.8175781551374485,0.0,0.5,0.5,0.0,820,0,12,12
holdout_severity_high,severity,high,3,physical_only,logistic_regression,294,74,64,0.935,0.4666666666666667,0.5833333333333334,0.5185185185185185,0.7819105691056911,0.5061521328176295,0.8333841463414634,0.3890600959969357,0.01951219512195122,0.5833333333333334,0.8333333333333334,0.2,804,16,10,14
holdout_severity_high,severity,high,3,physical_only,random_forest,294,74,64,0.54,1.0,0.6666666666666666,0.8,0.8333333333333333,0.8125425790899443,0.9942581300813009,0.886554980517686,0.0,0.6666666666666666,0.6666666666666666,0.0,820,0,8,16
holdout_severity_high,severity,high,3,physical_only,hist_gradient_boosting,294,74,64,0.99,1.0,0.75,0.8571428571428571,0.875,0.8628743002960397,0.8902947154471544,0.7644704132018453,0.0,0.75,0.75,0.0,820,0,6,18
holdout_severity_high,severity,high,3,fused,logistic_regression,294,74,64,0.89,0.48148148148148145,0.5416666666666666,0.5098039215686274,0.7622967479674796,0.4954987217678852,0.8073678861788618,0.3193750580832915,0.01707317073170732,0.5416666666666666,0.7916666666666666,0.15,806,14,11,13
holdout_severity_high,severity,high,3,fused,random_forest,294,74,64,0.56,1.0,0.7083333333333334,0.8292682926829268,0.8541666666666667,0.8380559450474794,0.9961382113821138,0.9209885197816233,0.0,0.7083333333333334,0.7083333333333334,0.0,820,0,7,17
holdout_severity_high,severity,high,3,fused,hist_gradient_boosting,294,74,64,0.46,1.0,0.75,0.8571428571428571,0.875,0.8628743002960397,0.9989329268292684,0.9782558139534883,0.0,0.75,0.75,0.0,820,0,6,18
holdout_severity_high,severity,high,4,cyber_only,logistic_regression,300,76,72,0.855,0.43243243243243246,0.5,0.463768115942029,0.7385869565217391,0.44497353988943694,0.7457540760869564,0.45150840470360976,0.02282608695652174,0.5,0.625,0.225,899,21,16,16
holdout_severity_high,severity,high,4,cyber_only,random_forest,300,76,72,0.49,0.8333333333333334,0.46875,0.6,0.7327445652173913,0.6159830423501114,0.9949048913043478,0.8795192713351946,0.003260869565217391,0.46875,0.46875,0.05,917,3,17,15
holdout_severity_high,severity,high,4,cyber_only,hist_gradient_boosting,300,76,72,0.895,1.0,0.46875,0.6382978723404256,0.734375,0.6784139328224317,0.98984375,0.845550823857145,0.0,0.46875,0.46875,0.0,920,0,17,15
holdout_severity_high,severity,high,4,physical_only,logistic_regression,300,76,72,0.9450000000000001,0.6774193548387096,0.65625,0.6666666666666666,0.8226902173913043,0.6553511051002878,0.8284646739130435,0.4453950578804666,0.010869565217391304,0.65625,0.875,0.075,910,10,11,21
holdout_severity_high,severity,high,4,physical_only,random_forest,300,76,72,0.325,1.0,0.75,0.8571428571428571,0.875,0.8622844558256983,0.9929008152173913,0.8866960843557559,0.0,0.75,0.75,0.0,920,0,8,24
holdout_severity_high,severity,high,4,physical_only,hist_gradient_boosting,300,76,72,0.405,1.0,0.75,0.8571428571428571,0.875,0.8622844558256983,0.8929347826086957,0.7687120034058644,0.0,0.75,0.75,0.0,920,0,8,24
holdout_severity_high,severity,high,4,fused,logistic_regression,300,76,72,0.9450000000000001,0.6190476190476191,0.40625,0.49056603773584906,0.6987771739130435,0.4878439488468634,0.8285326086956522,0.315232947966744,0.008695652173913044,0.40625,0.65625,0.0,912,8,19,13
holdout_severity_high,severity,high,4,fused,random_forest,300,76,72,0.5,1.0,0.75,0.8571428571428571,0.875,0.8622844558256983,0.9976222826086956,0.9446186883240908,0.0,0.75,0.75,0.0,920,0,8,24
holdout_severity_high,severity,high,4,fused,hist_gradient_boosting,300,76,72,0.865,1.0,0.75,0.8571428571428571,0.875,0.8622844558256983,0.9999999999999999,1.0,0.0,0.75,0.75,0.0,920,0,8,24
holdout_severity_high,severity,high,5,cyber_only,logistic_regression,300,76,72,0.735,0.2268041237113402,0.6875,0.34108527131782945,0.8029891304347826,0.3610414150831363,0.7417459239130433,0.47785833201828254,0.08152173913043478,0.6875,0.9375,1.0,845,75,10,22
holdout_severity_high,severity,high,5,cyber_only,random_forest,300,76,72,0.385,0.9411764705882353,0.5,0.6530612244897959,0.7494565217391305,0.678990182538886,0.9863790760869565,0.8526623258166242,0.0010869565217391304,0.5,0.5,0.025,919,1,16,16
holdout_severity_high,severity,high,5,cyber_only,hist_gradient_boosting,300,76,72,0.01,0.84,0.65625,0.7368421052631579,0.8259510869565218,0.7347531569073327,0.9898777173913043,0.8397423104391233,0.004347826086956522,0.65625,0.6875,0.025,916,4,11,21
holdout_severity_high,severity,high,5,physical_only,logistic_regression,300,76,72,0.86,0.4666666666666667,0.65625,0.5454545454545454,0.8150815217391305,0.5351948582188001,0.8219769021739132,0.3866545960946234,0.02608695652173913,0.65625,0.90625,0.3,896,24,11,21
holdout_severity_high,severity,high,5,physical_only,random_forest,300,76,72,0.36000000000000004,1.0,0.75,0.8571428571428571,0.875,0.8622844558256983,0.990625,0.8640524912477634,0.0,0.75,0.75,0.0,920,0,8,24
holdout_severity_high,severity,high,5,physical_only,hist_gradient_boosting,300,76,72,0.515,1.0,0.71875,0.8363636363636363,0.859375,0.8436746218771602,0.9675611413043479,0.8003689418720606,0.0,0.71875,0.71875,0.0,920,0,9,23
holdout_severity_high,severity,high,5,fused,logistic_regression,300,76,72,0.9450000000000001,0.5652173913043478,0.40625,0.4727272727272727,0.6976902173913043,0.4641007844352621,0.8196671195652174,0.3613222542408577,0.010869565217391304,0.40625,0.65625,0.025,910,10,19,13
holdout_severity_high,severity,high,5,fused,random_forest,300,76,72,0.495,1.0,0.71875,0.8363636363636363,0.859375,0.8436746218771602,0.995108695652174,0.9084918282468321,0.0,0.71875,0.71875,0.0,920,0,9,23
holdout_severity_high,severity,high,5,fused,hist_gradient_boosting,300,76,72,0.99,1.0,0.71875,0.8363636363636363,0.859375,0.8436746218771602,0.9748641304347826,0.9380012628500531,0.0,0.71875,0.71875,0.0,920,0,9,23
holdout_severity_low,severity,low,1,cyber_only,logistic_regression,297,75,68,0.8400000000000001,0.2631578947368421,0.17857142857142858,0.2127659574468085,0.5813850370848114,0.19659936911771927,0.8196952595936794,0.1929209886958398,0.01580135440180587,0.17857142857142858,0.5,0.075,872,14,23,5
holdout_severity_low,severity,low,1,cyber_only,random_forest,297,75,68,0.34500000000000003,0.8695652173913043,0.7142857142857143,0.7843137254901961,0.8554498548855208,0.7821705202576155,0.9806917123508546,0.8620296673269178,0.003386004514672686,0.7142857142857143,0.75,0.0,883,3,8,20
holdout_severity_low,severity,low,1,cyber_only,hist_gradient_boosting,297,75,68,0.99,0.9411764705882353,0.5714285714285714,0.7111111111111111,0.785149951628507,0.727408702161544,0.9643663334408255,0.8110779893564524,0.001128668171557562,0.5714285714285714,0.5714285714285714,0.025,885,1,12,16
holdout_severity_low,severity,low,1,physical_only,logistic_regression,297,75,68,0.89,0.55,0.39285714285714285,0.4583333333333333,0.6913495646565624,0.4507851424060328,0.9291357626572074,0.43442128811479863,0.010158013544018058,0.39285714285714285,0.5,0.15,877,9,17,11
holdout_severity_low,severity,low,1,physical_only,random_forest,297,75,68,0.25,0.95,0.6785714285714286,0.7916666666666666,0.8387213801999356,0.7979666213688421,0.9961705901322154,0.9100604244768006,0.001128668171557562,0.6785714285714286,0.7142857142857143,0.0,885,1,9,19
holdout_severity_low,severity,low,1,physical_only,hist_gradient_boosting,297,75,68,0.21000000000000002,1.0,0.42857142857142855,0.6,0.7142857142857143,0.6488214504991425,0.9941954208319896,0.8744460707760635,0.0,0.42857142857142855,0.42857142857142855,0.0,886,0,16,12
holdout_severity_low,severity,low,1,fused,logistic_regression,297,75,68,0.9500000000000001,0.875,0.25,0.3888888888888889,0.6244356659142212,0.46042792546273364,0.798452112221864,0.465632511771999,0.001128668171557562,0.25,0.25,0.0,885,1,21,7
holdout_severity_low,severity,low,1,fused,random_forest,297,75,68,0.225,1.0,0.6785714285714286,0.8085106382978723,0.8392857142857143,0.8196022238057669,0.9965333763302161,0.9209277143305283,0.0,0.6785714285714286,0.6785714285714286,0.0,886,0,9,19
holdout_severity_low,severity,low,1,fused,hist_gradient_boosting,297,75,68,0.24000000000000002,1.0,0.6785714285714286,0.8085106382978723,0.8392857142857143,0.8196022238057669,0.992865204772654,0.9074538425722511,0.0,0.6785714285714286,0.6785714285714286,0.0,886,0,9,19
holdout_severity_low,severity,low,2,cyber_only,logistic_regression,300,76,72,0.875,0.43478260869565216,0.3125,0.36363636363636365,0.6491847826086956,0.3502286332026926,0.9067255434782608,0.2804966276375951,0.014130434782608696,0.3125,0.53125,0.075,907,13,22,10
holdout_severity_low,severity,low,2,cyber_only,random_forest,300,76,72,0.515,0.9565217391304348,0.6875,0.8,0.8432065217391305,0.8057172381329705,0.9897758152173912,0.88840743668023,0.0010869565217391304,0.6875,0.6875,0.025,919,1,10,22
holdout_severity_low,severity,low,2,cyber_only,hist_gradient_boosting,300,76,72,0.98,0.9523809523809523,0.625,0.7547169811320755,0.8119565217391305,0.7656115560850296,0.9643342391304348,0.8660896187315114,0.0010869565217391304,0.625,0.625,0.0,919,1,12,20
holdout_severity_low,severity,low,2,physical_only,logistic_regression,300,76,72,0.845,0.65625,0.65625,0.65625,0.8221467391304348,0.6442934782608696,0.9180027173913043,0.6358445976564634,0.011956521739130435,0.65625,0.6875,0.25,909,11,11,21
holdout_severity_low,severity,low,2,physical_only,random_forest,300,76,72,0.75,1.0,0.21875,0.358974358974359,0.609375,0.4614791034954486,0.9971807065217391,0.9338822154370935,0.0,0.21875,0.21875,0.0,920,0,25,7
holdout_severity_low,severity,low,2,physical_only,hist_gradient_boosting,300,76,72,0.99,1.0,0.25,0.4,0.625,0.4936031480821513,0.9521739130434783,0.8449950565582593,0.0,0.25,0.25,0.0,920,0,24,8
holdout_severity_low,severity,low,2,fused,logistic_regression,300,76,72,0.85,0.8148148148148148,0.6875,0.7457627118644068,0.8410326086956521,0.7405289769985169,0.922554347826087,0.7809695037280051,0.005434782608695652,0.6875,0.6875,0.1,915,5,10,22
holdout_severity_low,severity,low,2,fused,random_forest,300,76,72,0.765,1.0,0.1875,0.3157894736842105,0.59375,0.4270207524750963,0.9979279891304348,0.9502610498934029,0.0,0.1875,0.1875,0.0,920,0,26,6
holdout_severity_low,severity,low,2,fused,hist_gradient_boosting,300,76,72,0.99,1.0,0.3125,0.47619047619047616,0.65625,0.5524506299333909,0.9810292119565218,0.964539699135786,0.0,0.3125,0.3125,0.0,920,0,22,10
holdout_severity_low,severity,low,3,cyber_only,logistic_regression,297,75,68,0.855,0.26666666666666666,0.14285714285714285,0.18604651162790697,0.5649882903981265,0.17624543656835231,0.8983773837403815,0.20258930693325247,0.01288056206088993,0.14285714285714285,0.5357142857142857,0.0,843,11,24,4
holdout_severity_low,severity,low,3,cyber_only,random_forest,297,75,68,0.5650000000000001,1.0,0.5357142857142857,0.6976744186046512,0.7678571428571428,0.7264170020722629,0.9968634994981599,0.9188435574008117,0.0,0.5357142857142857,0.5357142857142857,0.0,854,0,13,15
holdout_severity_low,severity,low,3,cyber_only,hist_gradient_boosting,297,75,68,0.99,1.0,0.5357142857142857,0.6976744186046512,0.7678571428571428,0.7264170020722629,0.9963198394111743,0.9132774240630704,0.0,0.5357142857142857,0.5357142857142857,0.0,854,0,13,15
holdout_severity_low,severity,low,3,physical_only,logistic_regression,297,75,68,0.9,0.4,0.2857142857142857,0.3333333333333333,0.635831381733021,0.3199406586033979,0.8586065573770492,0.2674802060749505,0.01405152224824356,0.2857142857142857,0.42857142857142855,0.175,842,12,20,8
holdout_severity_low,severity,low,3,physical_only,random_forest,297,75,68,0.45,1.0,0.5,0.6666666666666666,0.75,0.7013811259728677,0.9959434593509535,0.913281411454169,0.0,0.5,0.5,0.0,854,0,14,14
holdout_severity_low,severity,low,3,physical_only,hist_gradient_boosting,297,75,68,0.03,1.0,0.5714285714285714,0.7272727272727273,0.7857142857142857,0.7506732928576184,0.9794663767146202,0.818573838899685,0.0,0.5714285714285714,0.5714285714285714,0.0,854,0,12,16
holdout_severity_low,severity,low,3,fused,logistic_regression,297,75,68,0.9,0.5,0.39285714285714285,0.44,0.6899882903981265,0.42717341376646817,0.8425894948143191,0.3067415033711135,0.01288056206088993,0.39285714285714285,0.4642857142857143,0.15,843,11,17,11
holdout_severity_low,severity,low,3,fused,random_forest,297,75,68,0.535,1.0,0.5,0.6666666666666666,0.75,0.7013811259728677,0.9994563399130143,0.9830960585445814,0.0,0.5,0.5,0.0,854,0,14,14
holdout_severity_low,severity,low,3,fused,hist_gradient_boosting,297,75,68,0.08,1.0,0.8571428571428571,0.9230769230769231,0.9285714285714286,0.923659489826664,0.9998745399799264,0.996343537414966,0.0,0.8571428571428571,0.8571428571428571,0.0,854,0,4,24
holdout_severity_low,severity,low,4,cyber_only,logistic_regression,294,74,64,0.865,0.3076923076923077,0.16666666666666666,0.21621621621621623,0.5778455284552846,0.21013772485183202,0.8943089430894309,0.19251860170857418,0.01097560975609756,0.16666666666666666,0.4583333333333333,0.0,811,9,20,4
holdout_severity_low,severity,low,4,cyber_only,random_forest,294,74,64,0.49,0.9444444444444444,0.7083333333333334,0.8095238095238095,0.8535569105691057,0.8135337915257241,0.9985772357723577,0.9555994890029352,0.0012195121951219512,0.7083333333333334,0.7083333333333334,0.025,819,1,7,17
holdout_severity_low,severity,low,4,cyber_only,hist_gradient_boosting,294,74,64,0.9600000000000001,1.0,0.625,0.7692307692307693,0.8125,0.7862663139966858,0.9980182926829269,0.9448530146691358,0.0,0.625,0.625,0.0,820,0,9,15
holdout_severity_low,severity,low,4,physical_only,logistic_regression,294,74,64,0.855,0.5714285714285714,0.3333333333333333,0.42105263157894735,0.6630081300813008,0.4242762720314273,0.776219512195122,0.36995319987677244,0.007317073170731708,0.3333333333333333,0.4166666666666667,0.1,814,6,16,8
holdout_severity_low,severity,low,4,physical_only,random_forest,294,74,64,0.45,1.0,0.5416666666666666,0.7027027027027027,0.7708333333333333,0.7310927372456035,0.9949186991869919,0.8921962467989218,0.0,0.5416666666666666,0.5416666666666666,0.0,820,0,11,13
holdout_severity_low,severity,low,4,physical_only,hist_gradient_boosting,294,74,64,0.15000000000000002,1.0,0.625,0.7692307692307693,0.8125,0.7862663139966858,0.9576219512195122,0.8127842146178372,0.0,0.625,0.625,0.0,820,0,9,15
holdout_severity_low,severity,low,4,fused,logistic_regression,294,74,64,0.795,0.7368421052631579,0.5833333333333334,0.6511627906976745,0.7886178861788617,0.6467880831435984,0.7679878048780487,0.5330960381410639,0.006097560975609756,0.5833333333333334,0.6666666666666666,0.075,815,5,10,14
holdout_severity_low,severity,low,4,fused,random_forest,294,74,64,0.51,1.0,0.5416666666666666,0.7027027027027027,0.7708333333333333,0.7310927372456035,0.9981707317073171,0.9457849949611628,0.0,0.5416666666666666,0.5416666666666666,0.0,820,0,11,13
holdout_severity_low,severity,low,4,fused,hist_gradient_boosting,294,74,64,0.78,1.0,0.25,0.4,0.625,0.4946009215509463,0.9998475609756098,0.9947856280193235,0.0,0.25,0.25,0.0,820,0,18,6
holdout_severity_low,severity,low,5,cyber_only,logistic_regression,294,74,64,0.775,0.24390243902439024,0.4166666666666667,0.3076923076923077,0.6894308943089431,0.2929163752915141,0.9430386178861789,0.30302249406293646,0.03780487804878049,0.4166666666666667,0.625,0.475,789,31,14,10
holdout_severity_low,severity,low,5,cyber_only,random_forest,294,74,64,0.435,0.8888888888888888,0.6666666666666666,0.7619047619047619,0.8321138211382113,0.7641932827554087,0.9976117886178862,0.9294090364394789,0.0024390243902439024,0.6666666666666666,0.6666666666666666,0.025,818,2,8,16
holdout_severity_low,severity,low,5,cyber_only,hist_gradient_boosting,294,74,64,0.975,1.0,0.5416666666666666,0.7027027027027027,0.7708333333333333,0.7310927372456035,0.9970020325203252,0.9099319358459141,0.0,0.5416666666666666,0.5416666666666666,0.0,820,0,11,13
holdout_severity_low,severity,low,5,physical_only,logistic_regression,294,74,64,0.925,0.6,0.375,0.46153846153846156,0.6838414634146341,0.46255471935609904,0.9365853658536586,0.5748969460105053,0.007317073170731708,0.375,0.4583333333333333,0.075,814,6,15,9
holdout_severity_low,severity,low,5,physical_only,random_forest,294,74,64,0.655,1.0,0.16666666666666666,0.2857142857142857,0.5833333333333334,0.40335891300231946,0.9935975609756098,0.876556154149239,0.0,0.16666666666666666,0.16666666666666666,0.0,820,0,20,4
holdout_severity_low,severity,low,5,physical_only,hist_gradient_boosting,294,74,64,0.975,1.0,0.4583333333333333,0.6285714285714286,0.7291666666666666,0.6716996889897118,0.9740345528455285,0.8023792974604657,0.0,0.4583333333333333,0.4583333333333333,0.0,820,0,13,11
holdout_severity_low,severity,low,5,fused,logistic_regression,294,74,64,0.8350000000000001,0.6086956521739131,0.5833333333333334,0.5957446808510638,0.7861788617886178,0.584311721073693,0.913770325203252,0.4848052353426175,0.01097560975609756,0.5833333333333334,0.625,0.125,811,9,10,14
holdout_severity_low,severity,low,5,fused,random_forest,294,74,64,0.625,1.0,0.4166666666666667,0.5882352941176471,0.7083333333333334,0.640056452346391,0.998119918699187,0.9441674928910746,0.0,0.4166666666666667,0.4166666666666667,0.0,820,0,14,10
holdout_severity_low,severity,low,5,fused,hist_gradient_boosting,294,74,64,0.91,1.0,0.375,0.5454545454545454,0.6875,0.6068471579021296,1.0,0.9999999999999998,0.0,0.375,0.375,0.0,820,0,15,9
holdout_severity_medium,severity,medium,1,cyber_only,logistic_regression,304,76,68,0.765,0.41818181818181815,0.8214285714285714,0.5542168674698795,0.8919789227166276,0.5684163508043661,0.9603128136500502,0.5136478427003085,0.03747072599531616,0.8214285714285714,0.8571428571428571,0.5,822,32,5,23
holdout_severity_medium,severity,medium,1,cyber_only,random_forest,304,76,68,0.605,1.0,0.5,0.6666666666666666,0.75,0.7013811259728677,0.9916778186684511,0.81373005799515,0.0,0.5,0.5,0.0,854,0,14,14
holdout_severity_medium,severity,medium,1,cyber_only,hist_gradient_boosting,304,76,68,0.18000000000000002,0.9523809523809523,0.7142857142857143,0.8163265306122449,0.8565573770491803,0.8200798666013928,0.9901722984275677,0.878991955337675,0.00117096018735363,0.7142857142857143,0.7142857142857143,0.025,853,1,8,20
holdout_severity_medium,severity,medium,1,physical_only,logistic_regression,304,76,68,0.905,0.6666666666666666,0.5,0.5714285714285714,0.7459016393442623,0.5655723217940639,0.7699899631983941,0.4681732944506743,0.00819672131147541,0.5,0.5,0.15,847,7,14,14
holdout_severity_medium,severity,medium,1,physical_only,random_forest,304,76,68,0.455,1.0,0.6785714285714286,0.8085106382978723,0.8392857142857143,0.8194478541258852,0.93540899966544,0.7844391423235961,0.0,0.6785714285714286,0.6785714285714286,0.0,854,0,9,19
holdout_severity_medium,severity,medium,1,physical_only,hist_gradient_boosting,304,76,68,0.845,1.0,0.75,0.8571428571428571,0.875,0.8624977907359476,0.7952492472398797,0.7586385021298239,0.0,0.75,0.75,0.0,854,0,7,21
holdout_severity_medium,severity,medium,1,fused,logistic_regression,304,76,68,0.935,0.8235294117647058,0.5,0.6222222222222222,0.7482435597189696,0.6331161945020163,0.7660588825694211,0.5832564610739891,0.00351288056206089,0.5,0.5,0.05,851,3,14,14
holdout_severity_medium,severity,medium,1,fused,random_forest,304,76,68,0.495,1.0,0.75,0.8571428571428571,0.875,0.8624977907359476,0.9914478086316494,0.8874115534917556,0.0,0.75,0.75,0.0,854,0,7,21
holdout_severity_medium,severity,medium,1,fused,hist_gradient_boosting,304,76,68,0.9450000000000001,1.0,0.75,0.8571428571428571,0.875,0.8624977907359476,0.9598109735697558,0.7937481328013407,0.0,0.75,0.75,0.0,854,0,7,21
holdout_severity_medium,severity,medium,2,cyber_only,logistic_regression,300,76,64,0.74,0.40425531914893614,0.7916666666666666,0.5352112676056338,0.8787601626016259,0.5490713046428111,0.978760162601626,0.55189712905173,0.03414634146341464,0.7916666666666666,0.7916666666666666,0.475,792,28,5,19
holdout_severity_medium,severity,medium,2,cyber_only,random_forest,300,76,64,0.5800000000000001,0.8461538461538461,0.4583333333333333,0.5945945945945946,0.7279471544715447,0.6153249567136544,0.9921239837398373,0.7900907321211927,0.0024390243902439024,0.4583333333333333,0.4583333333333333,0.05,818,2,13,11
holdout_severity_medium,severity,medium,2,cyber_only,hist_gradient_boosting,300,76,64,0.7100000000000001,0.7857142857142857,0.4583333333333333,0.5789473684210527,0.7273373983739837,0.5917119828767475,0.9847052845528456,0.6991705270534043,0.003658536585365854,0.4583333333333333,0.5416666666666666,0.0,817,3,13,11
holdout_severity_medium,severity,medium,2,physical_only,logistic_regression,300,76,64,0.915,0.55,0.4583333333333333,0.5,0.7236788617886178,0.488864930020805,0.7828760162601627,0.527312173102498,0.01097560975609756,0.4583333333333333,0.5833333333333334,0.15,811,9,13,11
holdout_severity_medium,severity,medium,2,physical_only,random_forest,300,76,64,0.495,1.0,0.75,0.8571428571428571,0.875,0.8628743002960397,0.9496951219512195,0.7877404659913544,0.0,0.75,0.75,0.0,820,0,6,18
holdout_severity_medium,severity,medium,2,physical_only,hist_gradient_boosting,300,76,64,0.975,1.0,0.7083333333333334,0.8292682926829268,0.8541666666666667,0.8380559450474794,0.7723323170731707,0.7570329474601846,0.0,0.7083333333333334,0.7083333333333334,0.0,820,0,7,17
holdout_severity_medium,severity,medium,2,fused,logistic_regression,300,76,64,0.86,0.65,0.5416666666666666,0.5909090909090909,0.7665650406504065,0.5825955072442397,0.7742886178861788,0.642615425201169,0.00853658536585366,0.5416666666666666,0.6666666666666666,0.075,813,7,11,13
holdout_severity_medium,severity,medium,2,fused,random_forest,300,76,64,0.555,1.0,0.75,0.8571428571428571,0.875,0.8628743002960397,0.9863821138211383,0.8321205530126901,0.0,0.75,0.75,0.0,820,0,6,18
holdout_severity_medium,severity,medium,2,fused,hist_gradient_boosting,300,76,64,0.98,1.0,0.7083333333333334,0.8292682926829268,0.8541666666666667,0.8380559450474794,0.9797764227642276,0.8111162376009117,0.0,0.7083333333333334,0.7083333333333334,0.0,820,0,7,17
holdout_severity_medium,severity,medium,3,cyber_only,logistic_regression,304,76,68,0.775,0.7407407407407407,0.7142857142857143,0.7272727272727273,0.8531925185424056,0.7189417027142866,0.9764592067075137,0.5410196837476485,0.007900677200902935,0.7142857142857143,0.8571428571428571,0.0,879,7,8,20
holdout_severity_medium,severity,medium,3,cyber_only,random_forest,304,76,68,0.62,1.0,0.4642857142857143,0.6341463414634146,0.7321428571428572,0.6756894311653956,0.9925427281522089,0.8116983601091884,0.0,0.4642857142857143,0.4642857142857143,0.0,886,0,15,13
holdout_severity_medium,severity,medium,3,cyber_only,hist_gradient_boosting,304,76,68,0.99,1.0,0.39285714285714285,0.5641025641025641,0.6964285714285714,0.6208551853763239,0.9918171557562077,0.7852196800374462,0.0,0.39285714285714285,0.39285714285714285,0.0,886,0,17,11
holdout_severity_medium,severity,medium,3,physical_only,logistic_regression,304,76,68,0.89,0.5185185185185185,0.5,0.509090909090909,0.7426636568848759,0.4939544681967593,0.7712431473718154,0.49641324579692253,0.014672686230248307,0.5,0.5714285714285714,0.25,873,13,14,14
holdout_severity_medium,severity,medium,3,physical_only,random_forest,304,76,68,0.29000000000000004,1.0,0.75,0.8571428571428571,0.875,0.8626244493691887,0.9760359561431796,0.8093289063877298,0.0,0.75,0.75,0.0,886,0,7,21
holdout_severity_medium,severity,medium,3,physical_only,hist_gradient_boosting,304,76,68,0.045000000000000005,1.0,0.75,0.8571428571428571,0.875,0.8626244493691887,0.8119155111254434,0.7587710370179671,0.0,0.75,0.75,0.0,886,0,7,21
holdout_severity_medium,severity,medium,3,fused,logistic_regression,304,76,68,0.8200000000000001,0.68,0.6071428571428571,0.6415094339622641,0.7990567558851983,0.6319149138823305,0.7680183811673653,0.56561179838342,0.009029345372460496,0.6071428571428571,0.6428571428571429,0.15,878,8,11,17
holdout_severity_medium,severity,medium,3,fused,random_forest,304,76,68,0.26,1.0,0.75,0.8571428571428571,0.875,0.8626244493691887,0.9856497903901967,0.8333686580717027,0.0,0.75,0.75,0.0,886,0,7,21
holdout_severity_medium,severity,medium,3,fused,hist_gradient_boosting,304,76,68,0.06999999999999999,1.0,0.75,0.8571428571428571,0.875,0.8626244493691887,0.9676717188003869,0.7961851155075454,0.0,0.75,0.75,0.0,886,0,7,21
holdout_severity_medium,severity,medium,4,cyber_only,logistic_regression,300,76,64,0.72,0.3469387755102041,0.7083333333333334,0.4657534246575342,0.8346544715447155,0.47572674810454224,0.953099593495935,0.4813795368713893,0.03902439024390244,0.7083333333333334,0.8333333333333334,0.5,788,32,7,17
holdout_severity_medium,severity,medium,4,cyber_only,random_forest,300,76,64,0.535,0.8,0.5,0.6153846153846154,0.7481707317073171,0.6244105166763924,0.993089430894309,0.8125386096121938,0.003658536585365854,0.5,0.5833333333333334,0.025,817,3,12,12
holdout_severity_medium,severity,medium,4,cyber_only,hist_gradient_boosting,300,76,64,0.92,0.8571428571428571,0.5,0.631578947368421,0.748780487804878,0.6475238864918542,0.9827997967479675,0.7000207575140329,0.0024390243902439024,0.5,0.5833333333333334,0.0,818,2,12,12
holdout_severity_medium,severity,medium,4,physical_only,logistic_regression,300,76,64,0.925,0.8571428571428571,0.5,0.631578947368421,0.748780487804878,0.6475238864918542,0.7809959349593497,0.6402600103030736,0.0024390243902439024,0.5,0.5,0.05,818,2,12,12
holdout_severity_medium,severity,medium,4,physical_only,random_forest,300,76,64,0.365,1.0,0.75,0.8571428571428571,0.875,0.8628743002960397,0.9328506097560976,0.7833322653293836,0.0,0.75,0.75,0.0,820,0,6,18
holdout_severity_medium,severity,medium,4,physical_only,hist_gradient_boosting,300,76,64,0.01,0.9,0.75,0.8181818181818182,0.873780487804878,0.8169219503028263,0.8017276422764228,0.7579215715750441,0.0024390243902439024,0.75,0.75,0.05,818,2,6,18
holdout_severity_medium,severity,medium,4,fused,logistic_regression,300,76,64,0.9400000000000001,0.875,0.5833333333333334,0.7,0.7904471544715448,0.7080020399509332,0.7735264227642279,0.6810795868299563,0.0024390243902439024,0.5833333333333334,0.5833333333333334,0.05,818,2,10,14
holdout_severity_medium,severity,medium,4,fused,random_forest,300,76,64,0.28,1.0,0.75,0.8571428571428571,0.875,0.8628743002960397,0.9825711382113821,0.8190871517177437,0.0,0.75,0.75,0.0,820,0,6,18
holdout_severity_medium,severity,medium,4,fused,hist_gradient_boosting,300,76,64,0.03,1.0,0.75,0.8571428571428571,0.875,0.8628743002960397,0.989939024390244,0.8588121015752593,0.0,0.75,0.75,0.0,820,0,6,18
holdout_severity_medium,severity,medium,5,cyber_only,logistic_regression,300,76,64,0.775,0.5588235294117647,0.7916666666666666,0.6551724137931034,0.8866869918699187,0.6537626982849796,0.9636686991869918,0.48989561803337867,0.018292682926829267,0.7916666666666666,0.875,0.2,805,15,5,19
holdout_severity_medium,severity,medium,5,cyber_only,random_forest,300,76,64,0.72,1.0,0.4583333333333333,0.6285714285714286,0.7291666666666666,0.6716996889897118,0.9931910569105691,0.8224464316232751,0.0,0.4583333333333333,0.4583333333333333,0.0,820,0,13,11
holdout_severity_medium,severity,medium,5,cyber_only,hist_gradient_boosting,300,76,64,0.61,0.7333333333333333,0.4583333333333333,0.5641025641025641,0.7267276422764227,0.5704585842362946,0.985619918699187,0.7224608744323151,0.004878048780487805,0.4583333333333333,0.5833333333333334,0.025,816,4,13,11
holdout_severity_medium,severity,medium,5,physical_only,logistic_regression,300,76,64,0.8250000000000001,0.48148148148148145,0.5416666666666666,0.5098039215686274,0.7622967479674796,0.4954987217678852,0.7893292682926829,0.5844242300419158,0.01707317073170732,0.5416666666666666,0.625,0.3,806,14,11,13
holdout_severity_medium,severity,medium,5,physical_only,random_forest,300,76,64,0.495,1.0,0.6666666666666666,0.8,0.8333333333333333,0.8125425790899443,0.9523373983739838,0.7902428848181619,0.0,0.6666666666666666,0.6666666666666666,0.0,820,0,8,16
holdout_severity_medium,severity,medium,5,physical_only,hist_gradient_boosting,300,76,64,0.65,1.0,0.75,0.8571428571428571,0.875,0.8628743002960397,0.7769817073170732,0.7571090047393364,0.0,0.75,0.75,0.0,820,0,6,18
holdout_severity_medium,severity,medium,5,fused,logistic_regression,300,76,64,0.97,1.0,0.5416666666666666,0.7027027027027027,0.7708333333333333,0.7310927372456035,0.7826219512195123,0.6601830919743181,0.0,0.5416666666666666,0.5416666666666666,0.0,820,0,11,13
holdout_severity_medium,severity,medium,5,fused,random_forest,300,76,64,0.515,1.0,0.7083333333333334,0.8292682926829268,0.8541666666666667,0.8380559450474794,0.9889227642276424,0.8461348158209282,0.0,0.7083333333333334,0.7083333333333334,0.0,820,0,7,17
holdout_severity_medium,severity,medium,5,fused,hist_gradient_boosting,300,76,64,0.8200000000000001,1.0,0.75,0.8571428571428571,0.875,0.8628743002960397,0.9808943089430895,0.8218774589607922,0.0,0.75,0.75,0.0,820,0,6,18
