run_key,dataset_class,task_type,attack_severity,outer_fold
20260720_234434:1,normal,short_cube_pick_place,none,5
20260720_234434:10,normal,short_cube_pick_place,none,3
20260720_234434:100,normal,short_cube_pick_place,none,4
20260720_234434:11,normal,short_cube_pick_place,none,3
20260720_234434:12,normal,short_cube_pick_place,none,3
20260720_234434:13,normal,short_cube_pick_place,none,2
20260720_234434:14,normal,short_cube_pick_place,none,2
20260720_234434:15,normal,short_cube_pick_place,none,5
20260720_234434:16,normal,short_cube_pick_place,none,1
20260720_234434:17,normal,short_cube_pick_place,none,1
20260720_234434:18,normal,short_cube_pick_place,none,1
20260720_234434:19,normal,short_cube_pick_place,none,2
20260720_234434:2,normal,short_cube_pick_place,none,4
20260720_234434:20,normal,short_cube_pick_place,none,2
20260720_234434:21,normal,short_cube_pick_place,none,5
20260720_234434:22,normal,short_cube_pick_place,none,1
20260720_234434:23,normal,short_cube_pick_place,none,4
20260720_234434:24,normal,short_cube_pick_place,none,4
20260720_234434:25,normal,short_cube_pick_place,none,1
20260720_234434:26,normal,short_cube_pick_place,none,2
20260720_234434:27,normal,short_cube_pick_place,none,3
20260720_234434:28,normal,short_cube_pick_place,none,5
20260720_234434:29,normal,short_cube_pick_place,none,2
20260720_234434:3,normal,short_cube_pick_place,none,3
20260720_234434:30,normal,short_cube_pick_place,none,4
20260720_234434:31,normal,short_cube_pick_place,none,1
20260720_234434:32,normal,short_cube_pick_place,none,3
20260720_234434:33,normal,short_cube_pick_place,none,5
20260720_234434:34,normal,short_cube_pick_place,none,1
20260720_234434:35,normal,short_cube_pick_place,none,4
20260720_234434:36,normal,short_cube_pick_place,none,1
20260720_234434:37,normal,short_cube_pick_place,none,3
20260720_234434:38,normal,short_cube_pick_place,none,5
20260720_234434:39,normal,short_cube_pick_place,none,2
20260720_234434:4,normal,short_cube_pick_place,none,5
20260720_234434:40,normal,short_cube_pick_place,none,1
20260720_234434:41,normal,short_cube_pick_place,none,4
20260720_234434:42,normal,short_cube_pick_place,none,4
20260720_234434:43,normal,short_cube_pick_place,none,2
20260720_234434:44,normal,short_cube_pick_place,none,1
20260720_234434:45,normal,short_cube_pick_place,none,3
20260720_234434:46,normal,short_cube_pick_place,none,2
20260720_234434:47,normal,short_cube_pick_place,none,1
20260720_234434:48,normal,short_cube_pick_place,none,5
20260720_234434:49,normal,short_cube_pick_place,none,2
20260720_234434:5,normal,short_cube_pick_place,none,1
20260720_234434:50,normal,short_cube_pick_place,none,5
20260720_234434:51,normal,short_cube_pick_place,none,2
20260720_234434:52,normal,short_cube_pick_place,none,4
20260720_234434:53,normal,short_cube_pick_place,none,1
20260720_234434:54,normal,short_cube_pick_place,none,2
20260720_234434:55,normal,short_cube_pick_place,none,1
20260720_234434:56,normal,short_cube_pick_place,none,1
20260720_234434:57,normal,short_cube_pick_place,none,2
20260720_234434:58,normal,short_cube_pick_place,none,1
20260720_234434:59,normal,short_cube_pick_place,none,4
20260720_234434:6,normal,short_cube_pick_place,none,1
20260720_234434:60,normal,short_cube_pick_place,none,4
20260720_234434:61,normal,short_cube_pick_place,none,2
20260720_234434:62,normal,short_cube_pick_place,none,5
20260720_234434:63,normal,short_cube_pick_place,none,3
20260720_234434:64,normal,short_cube_pick_place,none,5
20260720_234434:65,normal,short_cube_pick_place,none,3
20260720_234434:66,normal,short_cube_pick_place,none,3
20260720_234434:67,normal,short_cube_pick_place,none,3
20260720_234434:68,normal,short_cube_pick_place,none,4
20260720_234434:69,normal,short_cube_pick_place,none,3
20260720_234434:7,normal,short_cube_pick_place,none,4
20260720_234434:70,normal,short_cube_pick_place,none,4
20260720_234434:71,normal,short_cube_pick_place,none,5
20260720_234434:72,normal,short_cube_pick_place,none,4
20260720_234434:73,normal,short_cube_pick_place,none,3
20260720_234434:74,normal,short_cube_pick_place,none,3
20260720_234434:75,normal,short_cube_pick_place,none,3
20260720_234434:76,normal,short_cube_pick_place,none,5
20260720_234434:77,normal,short_cube_pick_place,none,3
20260720_234434:78,normal,short_cube_pick_place,none,4
20260720_234434:79,normal,short_cube_pick_place,none,2
20260720_234434:8,normal,short_cube_pick_place,none,5
20260720_234434:80,normal,short_cube_pick_place,none,3
20260720_234434:81,normal,short_cube_pick_place,none,4
20260720_234434:82,normal,short_cube_pick_place,none,5
20260720_234434:83,normal,short_cube_pick_place,none,2
20260720_234434:84,normal,short_cube_pick_place,none,2
20260720_234434:85,normal,short_cube_pick_place,none,1
20260720_234434:86,normal,short_cube_pick_place,none,3
20260720_234434:87,normal,short_cube_pick_place,none,2
20260720_234434:88,normal,short_cube_pick_place,none,1
20260720_234434:89,normal,short_cube_pick_place,none,2
20260720_234434:9,normal,short_cube_pick_place,none,5
20260720_234434:90,normal,short_cube_pick_place,none,5
20260720_234434:91,normal,short_cube_pick_place,none,4
20260720_234434:92,normal,short_cube_pick_place,none,5
20260720_234434:93,normal,short_cube_pick_place,none,5
20260720_234434:94,normal,short_cube_pick_place,none,2
20260720_234434:95,normal,short_cube_pick_place,none,4
20260720_234434:96,normal,short_cube_pick_place,none,4
20260720_234434:97,normal,short_cube_pick_place,none,1
20260720_234434:98,normal,short_cube_pick_place,none,5
20260720_234434:99,normal,short_cube_pick_place,none,3
20260721_001111:101,normal,long_cube_then_cylinder_sort,none,4
20260721_001111:102,normal,long_cube_then_cylinder_sort,none,2
20260721_001111:103,normal,long_cube_then_cylinder_sort,none,4
20260721_001111:104,normal,long_cube_then_cylinder_sort,none,3
20260721_001111:105,normal,long_cube_then_cylinder_sort,none,1
20260721_001111:106,normal,long_cube_then_cylinder_sort,none,2
20260721_001111:107,normal,long_cube_then_cylinder_sort,none,5
20260721_001111:108,normal,long_cube_then_cylinder_sort,none,2
20260721_001111:109,normal,long_cube_then_cylinder_sort,none,3
20260721_001111:110,normal,long_cube_then_cylinder_sort,none,1
20260721_001111:111,normal,long_cube_then_cylinder_sort,none,3
20260721_001111:112,normal,long_cube_then_cylinder_sort,none,5
20260721_001111:113,normal,long_cube_then_cylinder_sort,none,5
20260721_001111:114,normal,long_cube_then_cylinder_sort,none,4
20260721_001111:115,normal,long_cube_then_cylinder_sort,none,3
20260721_001111:116,normal,long_cube_then_cylinder_sort,none,4
20260721_001111:117,normal,long_cube_then_cylinder_sort,none,2
20260721_001111:118,normal,long_cube_then_cylinder_sort,none,2
20260721_001111:119,normal,long_cube_then_cylinder_sort,none,1
20260721_001111:120,normal,long_cube_then_cylinder_sort,none,3
20260721_001111:121,normal,long_cube_then_cylinder_sort,none,4
20260721_001111:122,normal,long_cube_then_cylinder_sort,none,3
20260721_001111:123,normal,long_cube_then_cylinder_sort,none,5
20260721_001111:124,normal,long_cube_then_cylinder_sort,none,2
20260721_001111:125,normal,long_cube_then_cylinder_sort,none,5
20260721_001111:126,normal,long_cube_then_cylinder_sort,none,1
20260721_001111:127,normal,long_cube_then_cylinder_sort,none,1
20260721_001111:128,normal,long_cube_then_cylinder_sort,none,5
20260721_001111:129,normal,long_cube_then_cylinder_sort,none,4
20260721_001111:130,normal,long_cube_then_cylinder_sort,none,5
20260721_001111:131,normal,long_cube_then_cylinder_sort,none,3
20260721_001111:132,normal,long_cube_then_cylinder_sort,none,5
20260721_001111:133,normal,long_cube_then_cylinder_sort,none,3
20260721_001111:134,normal,long_cube_then_cylinder_sort,none,4
20260721_001111:135,normal,long_cube_then_cylinder_sort,none,3
20260721_001111:136,normal,long_cube_then_cylinder_sort,none,5
20260721_001111:137,normal,long_cube_then_cylinder_sort,none,4
20260721_001111:138,normal,long_cube_then_cylinder_sort,none,5
20260721_001111:139,normal,long_cube_then_cylinder_sort,none,4
20260721_001111:140,normal,long_cube_then_cylinder_sort,none,2
20260721_001111:141,normal,long_cube_then_cylinder_sort,none,4
20260721_001111:142,normal,long_cube_then_cylinder_sort,none,1
20260721_001111:143,normal,long_cube_then_cylinder_sort,none,2
20260721_001111:144,normal,long_cube_then_cylinder_sort,none,1
20260721_001111:145,normal,long_cube_then_cylinder_sort,none,3
20260721_001111:146,normal,long_cube_then_cylinder_sort,none,5
20260721_001111:147,normal,long_cube_then_cylinder_sort,none,5
20260721_001111:148,normal,long_cube_then_cylinder_sort,none,3
20260721_001111:149,normal,long_cube_then_cylinder_sort,none,1
20260721_001111:150,normal,long_cube_then_cylinder_sort,none,4
20260721_001111:151,normal,long_cube_then_cylinder_sort,none,4
20260721_001111:152,normal,long_cube_then_cylinder_sort,none,1
20260721_001111:153,normal,long_cube_then_cylinder_sort,none,5
20260721_001111:154,normal,long_cube_then_cylinder_sort,none,2
20260721_001111:155,normal,long_cube_then_cylinder_sort,none,4
20260721_001111:156,normal,long_cube_then_cylinder_sort,none,5
20260721_001111:157,normal,long_cube_then_cylinder_sort,none,2
20260721_001111:158,normal,long_cube_then_cylinder_sort,none,1
20260721_001111:159,normal,long_cube_then_cylinder_sort,none,2
20260721_001111:160,normal,long_cube_then_cylinder_sort,none,2
20260721_001111:161,normal,long_cube_then_cylinder_sort,none,3
20260721_001111:162,normal,long_cube_then_cylinder_sort,none,4
20260721_001111:163,normal,long_cube_then_cylinder_sort,none,3
20260721_001111:164,normal,long_cube_then_cylinder_sort,none,2
20260721_001111:165,normal,long_cube_then_cylinder_sort,none,5
20260721_001111:166,normal,long_cube_then_cylinder_sort,none,1
20260721_001111:167,normal,long_cube_then_cylinder_sort,none,3
20260721_001111:168,normal,long_cube_then_cylinder_sort,none,4
20260721_001111:169,normal,long_cube_then_cylinder_sort,none,3
20260721_001111:170,normal,long_cube_then_cylinder_sort,none,3
20260721_001111:171,normal,long_cube_then_cylinder_sort,none,1
20260721_001111:172,normal,long_cube_then_cylinder_sort,none,1
20260721_001111:173,normal,long_cube_then_cylinder_sort,none,2
20260721_001111:174,normal,long_cube_then_cylinder_sort,none,1
20260721_001111:175,normal,long_cube_then_cylinder_sort,none,5
20260721_001111:176,normal,long_cube_then_cylinder_sort,none,1
20260721_001111:177,normal,long_cube_then_cylinder_sort,none,1
20260721_001111:178,normal,long_cube_then_cylinder_sort,none,4
20260721_001111:179,normal,long_cube_then_cylinder_sort,none,3
20260721_001111:180,normal,long_cube_then_cylinder_sort,none,4
20260721_001111:181,normal,long_cube_then_cylinder_sort,none,5
20260721_001111:182,normal,long_cube_then_cylinder_sort,none,3
20260721_001111:183,normal,long_cube_then_cylinder_sort,none,2
20260721_001111:184,normal,long_cube_then_cylinder_sort,none,4
20260721_001111:185,normal,long_cube_then_cylinder_sort,none,2
20260721_001111:186,normal,long_cube_then_cylinder_sort,none,3
20260721_001111:187,normal,long_cube_then_cylinder_sort,none,5
20260721_001111:188,normal,long_cube_then_cylinder_sort,none,2
20260721_001111:189,normal,long_cube_then_cylinder_sort,none,1
20260721_001111:190,normal,long_cube_then_cylinder_sort,none,4
20260721_001111:191,normal,long_cube_then_cylinder_sort,none,4
20260721_001111:192,normal,long_cube_then_cylinder_sort,none,1
20260721_001111:193,normal,long_cube_then_cylinder_sort,none,2
20260721_001111:194,normal,long_cube_then_cylinder_sort,none,3
20260721_001111:195,normal,long_cube_then_cylinder_sort,none,1
20260721_001111:196,normal,long_cube_then_cylinder_sort,none,2
20260721_001111:197,normal,long_cube_then_cylinder_sort,none,5
20260721_001111:198,normal,long_cube_then_cylinder_sort,none,2
20260721_001111:199,normal,long_cube_then_cylinder_sort,none,1
20260721_001111:200,normal,long_cube_then_cylinder_sort,none,5
20260721_021116:1,mitm_trajectory_manipulation,short_cube_pick_place,medium,4
20260721_021136:2,mitm_trajectory_manipulation,short_cube_pick_place,low,3
20260721_021152:3,mitm_trajectory_manipulation,short_cube_pick_place,low,4
20260721_021209:4,mitm_trajectory_manipulation,short_cube_pick_place,medium,5
20260721_021226:5,mitm_trajectory_manipulation,long_cube_then_cylinder_sort,high,2
20260721_021313:6,mitm_trajectory_manipulation,long_cube_then_cylinder_sort,low,4
20260721_021413:7,mitm_trajectory_manipulation,long_cube_then_cylinder_sort,high,4
20260721_021449:8,mitm_trajectory_manipulation,long_cube_then_cylinder_sort,medium,5
20260721_021525:9,mitm_trajectory_manipulation,short_cube_pick_place,high,3
20260721_021542:10,mitm_trajectory_manipulation,short_cube_pick_place,low,5
20260721_021559:11,mitm_trajectory_manipulation,short_cube_pick_place,high,4
20260721_021615:12,mitm_trajectory_manipulation,long_cube_then_cylinder_sort,high,2
20260721_021651:13,mitm_trajectory_manipulation,long_cube_then_cylinder_sort,low,5
20260721_021738:14,mitm_trajectory_manipulation,short_cube_pick_place,low,2
20260721_021817:15,mitm_trajectory_manipulation,short_cube_pick_place,low,5
20260721_021923:16,mitm_trajectory_manipulation,long_cube_then_cylinder_sort,low,5
20260721_022011:17,mitm_trajectory_manipulation,short_cube_pick_place,medium,4
20260721_022028:18,mitm_trajectory_manipulation,short_cube_pick_place,high,3
20260721_022044:19,mitm_trajectory_manipulation,long_cube_then_cylinder_sort,high,5
20260721_022121:20,mitm_trajectory_manipulation,short_cube_pick_place,high,2
20260721_022138:21,mitm_trajectory_manipulation,short_cube_pick_place,medium,3
20260721_022154:22,mitm_trajectory_manipulation,long_cube_then_cylinder_sort,high,4
20260721_022304:23,mitm_trajectory_manipulation,short_cube_pick_place,medium,4
20260721_022322:24,mitm_trajectory_manipulation,long_cube_then_cylinder_sort,high,1
20260721_022359:25,mitm_trajectory_manipulation,long_cube_then_cylinder_sort,low,2
20260721_022435:26,mitm_trajectory_manipulation,short_cube_pick_place,low,3
20260721_022451:27,mitm_trajectory_manipulation,short_cube_pick_place,high,1
20260721_022508:28,mitm_trajectory_manipulation,short_cube_pick_place,high,2
20260721_022524:29,mitm_trajectory_manipulation,long_cube_then_cylinder_sort,low,2
20260721_022600:30,mitm_trajectory_manipulation,long_cube_then_cylinder_sort,low,3
20260721_022637:31,mitm_trajectory_manipulation,long_cube_then_cylinder_sort,medium,2
20260721_022713:32,mitm_trajectory_manipulation,short_cube_pick_place,high,4
20260721_022741:33,mitm_trajectory_manipulation,long_cube_then_cylinder_sort,medium,1
20260721_022817:34,mitm_trajectory_manipulation,short_cube_pick_place,low,1
20260721_022833:35,mitm_trajectory_manipulation,long_cube_then_cylinder_sort,medium,3
20260721_022909:36,mitm_trajectory_manipulation,short_cube_pick_place,low,4
20260721_022928:37,mitm_trajectory_manipulation,long_cube_then_cylinder_sort,medium,4
20260721_023004:38,mitm_trajectory_manipulation,long_cube_then_cylinder_sort,high,4
20260721_023041:39,mitm_trajectory_manipulation,short_cube_pick_place,low,3
20260721_023102:40,mitm_trajectory_manipulation,long_cube_then_cylinder_sort,high,4
20260721_023139:41,mitm_trajectory_manipulation,short_cube_pick_place,high,2
20260721_023157:42,mitm_trajectory_manipulation,short_cube_pick_place,high,4
20260721_023214:43,mitm_trajectory_manipulation,short_cube_pick_place,high,4
20260721_023230:44,mitm_trajectory_manipulation,short_cube_pick_place,medium,1
20260721_023251:45,mitm_trajectory_manipulation,long_cube_then_cylinder_sort,low,2
20260721_023327:46,mitm_trajectory_manipulation,short_cube_pick_place,low,1
20260721_023344:47,mitm_trajectory_manipulation,long_cube_then_cylinder_sort,low,4
20260721_023432:48,mitm_trajectory_manipulation,short_cube_pick_place,low,4
20260721_023451:49,mitm_trajectory_manipulation,long_cube_then_cylinder_sort,medium,4
20260721_023539:50,mitm_trajectory_manipulation,long_cube_then_cylinder_sort,medium,1
20260721_023616:51,mitm_trajectory_manipulation,long_cube_then_cylinder_sort,high,3
20260721_023652:52,mitm_trajectory_manipulation,long_cube_then_cylinder_sort,medium,3
20260721_023740:53,mitm_trajectory_manipulation,long_cube_then_cylinder_sort,medium,2
20260721_023839:54,mitm_trajectory_manipulation,long_cube_then_cylinder_sort,high,1
20260721_023938:55,mitm_trajectory_manipulation,short_cube_pick_place,medium,2
20260721_023954:56,mitm_trajectory_manipulation,long_cube_then_cylinder_sort,high,3
20260721_024031:57,mitm_trajectory_manipulation,long_cube_then_cylinder_sort,medium,3
20260721_024108:58,mitm_trajectory_manipulation,long_cube_then_cylinder_sort,high,5
20260721_024144:59,mitm_trajectory_manipulation,long_cube_then_cylinder_sort,medium,2
20260721_024231:60,mitm_trajectory_manipulation,long_cube_then_cylinder_sort,high,3
20260721_024308:61,mitm_trajectory_manipulation,short_cube_pick_place,low,5
20260721_024328:62,mitm_trajectory_manipulation,short_cube_pick_place,medium,3
20260721_024346:63,mitm_trajectory_manipulation,short_cube_pick_place,medium,2
20260721_024410:64,mitm_trajectory_manipulation,long_cube_then_cylinder_sort,high,2
20260721_024447:65,mitm_trajectory_manipulation,short_cube_pick_place,high,1
20260721_024503:66,mitm_trajectory_manipulation,short_cube_pick_place,medium,3
20260721_024520:67,mitm_trajectory_manipulation,long_cube_then_cylinder_sort,low,1
20260721_024556:68,mitm_trajectory_manipulation,long_cube_then_cylinder_sort,low,1
20260721_024632:69,mitm_trajectory_manipulation,long_cube_then_cylinder_sort,high,5
20260721_024730:70,mitm_trajectory_manipulation,short_cube_pick_place,medium,5
20260721_024748:71,mitm_trajectory_manipulation,short_cube_pick_place,low,1
20260721_024804:72,mitm_trajectory_manipulation,short_cube_pick_place,medium,1
20260721_024821:73,mitm_trajectory_manipulation,short_cube_pick_place,high,5
20260721_024849:74,mitm_trajectory_manipulation,long_cube_then_cylinder_sort,medium,4
20260721_024937:75,mitm_trajectory_manipulation,long_cube_then_cylinder_sort,medium,5
20260721_025013:76,mitm_trajectory_manipulation,short_cube_pick_place,low,2
20260721_025044:77,mitm_trajectory_manipulation,long_cube_then_cylinder_sort,medium,1
20260721_025131:78,mitm_trajectory_manipulation,short_cube_pick_place,high,5
20260721_025148:79,mitm_trajectory_manipulation,short_cube_pick_place,high,3
20260721_025207:80,mitm_trajectory_manipulation,long_cube_then_cylinder_sort,high,5
20260721_025255:81,mitm_trajectory_manipulation,long_cube_then_cylinder_sort,low,1
20260721_025342:82,mitm_trajectory_manipulation,short_cube_pick_place,low,2
20260721_025359:83,mitm_trajectory_manipulation,long_cube_then_cylinder_sort,low,3
20260721_025446:84,mitm_trajectory_manipulation,short_cube_pick_place,high,5
20260721_025505:85,mitm_trajectory_manipulation,short_cube_pick_place,medium,1
20260721_025522:86,mitm_trajectory_manipulation,short_cube_pick_place,medium,5
20260721_025539:87,mitm_trajectory_manipulation,long_cube_then_cylinder_sort,low,5
20260721_025638:88,mitm_trajectory_manipulation,short_cube_pick_place,low,3
20260721_025658:89,mitm_trajectory_manipulation,long_cube_then_cylinder_sort,high,1
20260721_025745:90,mitm_trajectory_manipulation,long_cube_then_cylinder_sort,low,4
20260721_025822:91,mitm_trajectory_manipulation,short_cube_pick_place,medium,1
20260721_025839:92,mitm_trajectory_manipulation,short_cube_pick_place,low,2
20260721_025857:93,mitm_trajectory_manipulation,long_cube_then_cylinder_sort,medium,5
20260721_025933:94,mitm_trajectory_manipulation,short_cube_pick_place,high,5
20260721_025950:95,mitm_trajectory_manipulation,long_cube_then_cylinder_sort,low,2
20260721_030026:96,mitm_trajectory_manipulation,long_cube_then_cylinder_sort,low,1
20260721_030102:97,mitm_trajectory_manipulation,long_cube_then_cylinder_sort,medium,3
20260721_030138:98,mitm_trajectory_manipulation,short_cube_pick_place,high,1
20260721_030159:99,mitm_trajectory_manipulation,short_cube_pick_place,medium,2
20260721_030219:100,mitm_trajectory_manipulation,long_cube_then_cylinder_sort,low,3
20260721_040048:1,command_injection,short_cube_pick_place,medium,2
20260721_040106:2,command_injection,short_cube_pick_place,low,3
20260721_040127:3,command_injection,short_cube_pick_place,low,3
20260721_040145:4,command_injection,short_cube_pick_place,medium,3
20260721_040202:5,command_injection,long_cube_then_cylinder_sort,high,3
20260721_040239:6,command_injection,long_cube_then_cylinder_sort,low,2
20260721_040339:7,command_injection,long_cube_then_cylinder_sort,high,3
20260721_040416:8,command_injection,long_cube_then_cylinder_sort,medium,4
20260721_040453:9,command_injection,short_cube_pick_place,high,5
20260721_040522:10,command_injection,short_cube_pick_place,low,2
20260721_040540:11,command_injection,short_cube_pick_place,high,5
20260721_040557:12,command_injection,long_cube_then_cylinder_sort,high,1
20260721_040634:13,command_injection,long_cube_then_cylinder_sort,low,4
20260721_040711:14,command_injection,short_cube_pick_place,low,4
20260721_040741:15,command_injection,short_cube_pick_place,low,2
20260721_040758:16,command_injection,long_cube_then_cylinder_sort,low,5
20260721_040835:17,command_injection,short_cube_pick_place,medium,1
20260721_040852:18,command_injection,short_cube_pick_place,high,5
20260721_040910:19,command_injection,long_cube_then_cylinder_sort,high,3
20260721_040958:20,command_injection,short_cube_pick_place,high,3
20260721_041017:21,command_injection,short_cube_pick_place,medium,5
20260721_041041:22,command_injection,long_cube_then_cylinder_sort,high,4
20260721_041118:23,command_injection,short_cube_pick_place,medium,3
20260721_041148:24,command_injection,long_cube_then_cylinder_sort,high,4
20260721_041225:25,command_injection,long_cube_then_cylinder_sort,low,3
20260721_041302:26,command_injection,short_cube_pick_place,low,1
20260721_041336:27,command_injection,short_cube_pick_place,high,2
20260721_041354:28,command_injection,short_cube_pick_place,high,2
20260721_041423:29,command_injection,long_cube_then_cylinder_sort,low,3
20260721_041511:30,command_injection,long_cube_then_cylinder_sort,low,3
20260721_041600:31,command_injection,long_cube_then_cylinder_sort,medium,2
20260721_041649:32,command_injection,short_cube_pick_place,high,5
20260721_041711:33,command_injection,long_cube_then_cylinder_sort,medium,1
20260721_041748:34,command_injection,short_cube_pick_place,low,3
20260721_041808:35,command_injection,long_cube_then_cylinder_sort,medium,2
20260721_041845:36,command_injection,short_cube_pick_place,low,2
20260721_041914:37,command_injection,long_cube_then_cylinder_sort,medium,4
20260721_042700:38,command_injection,long_cube_then_cylinder_sort,high,4
20260721_042739:39,command_injection,short_cube_pick_place,low,1
20260721_042756:40,command_injection,long_cube_then_cylinder_sort,high,5
20260721_042845:41,command_injection,short_cube_pick_place,high,1
20260721_042903:42,command_injection,short_cube_pick_place,high,1
20260721_042920:43,command_injection,short_cube_pick_place,high,4
20260721_042939:44,command_injection,short_cube_pick_place,medium,4
20260721_043008:45,command_injection,long_cube_then_cylinder_sort,low,1
20260721_043045:46,command_injection,short_cube_pick_place,low,3
20260721_043107:47,command_injection,long_cube_then_cylinder_sort,low,2
20260721_043156:48,command_injection,short_cube_pick_place,low,5
20260721_043213:49,command_injection,long_cube_then_cylinder_sort,medium,3
20260721_043302:50,command_injection,long_cube_then_cylinder_sort,medium,5
20260721_043339:51,command_injection,long_cube_then_cylinder_sort,high,5
20260721_043417:52,command_injection,long_cube_then_cylinder_sort,medium,3
20260721_043505:53,command_injection,long_cube_then_cylinder_sort,medium,4
20260721_043605:54,command_injection,long_cube_then_cylinder_sort,high,2
20260721_043642:55,command_injection,short_cube_pick_place,medium,4
20260721_043659:56,command_injection,long_cube_then_cylinder_sort,high,2
20260721_043737:57,command_injection,long_cube_then_cylinder_sort,medium,3
20260721_043837:58,command_injection,long_cube_then_cylinder_sort,high,4
20260721_043915:59,command_injection,long_cube_then_cylinder_sort,medium,2
20260721_043952:60,command_injection,long_cube_then_cylinder_sort,high,1
20260721_044051:61,command_injection,short_cube_pick_place,low,1
20260721_044113:62,command_injection,short_cube_pick_place,medium,5
20260721_044131:63,command_injection,short_cube_pick_place,medium,1
20260721_044148:64,command_injection,long_cube_then_cylinder_sort,high,5
20260721_044225:65,command_injection,short_cube_pick_place,high,4
20260721_044243:66,command_injection,short_cube_pick_place,medium,2
20260721_044300:67,command_injection,long_cube_then_cylinder_sort,low,5
20260721_044338:68,command_injection,long_cube_then_cylinder_sort,low,5
20260721_044449:69,command_injection,long_cube_then_cylinder_sort,high,2
20260721_044526:70,command_injection,short_cube_pick_place,medium,4
20260721_044555:71,command_injection,short_cube_pick_place,low,4
20260721_044617:72,command_injection,short_cube_pick_place,medium,3
20260721_044637:73,command_injection,short_cube_pick_place,high,4
20260721_044707:74,command_injection,long_cube_then_cylinder_sort,medium,1
20260721_044745:75,command_injection,long_cube_then_cylinder_sort,medium,5
20260721_044833:76,command_injection,short_cube_pick_place,low,5
20260721_044851:77,command_injection,long_cube_then_cylinder_sort,medium,5
20260721_044940:78,command_injection,short_cube_pick_place,high,3
20260721_045009:79,command_injection,short_cube_pick_place,high,2
20260721_045026:80,command_injection,long_cube_then_cylinder_sort,high,1
20260721_045148:81,command_injection,long_cube_then_cylinder_sort,low,2
20260721_045248:82,command_injection,short_cube_pick_place,low,2
20260721_045305:83,command_injection,long_cube_then_cylinder_sort,low,2
20260721_045343:84,command_injection,short_cube_pick_place,high,4
20260721_045400:85,command_injection,short_cube_pick_place,medium,1
20260721_045418:86,command_injection,short_cube_pick_place,medium,2
20260721_045446:87,command_injection,long_cube_then_cylinder_sort,low,4
20260721_045527:88,command_injection,short_cube_pick_place,low,5
20260721_045554:89,command_injection,long_cube_then_cylinder_sort,high,5
20260721_045632:90,command_injection,long_cube_then_cylinder_sort,low,1
20260721_045721:91,command_injection,short_cube_pick_place,medium,5
20260721_045738:92,command_injection,short_cube_pick_place,low,4
20260721_045814:93,command_injection,long_cube_then_cylinder_sort,medium,3
20260721_045851:94,command_injection,short_cube_pick_place,high,3
20260721_045913:95,command_injection,long_cube_then_cylinder_sort,low,1
20260721_045950:96,command_injection,long_cube_then_cylinder_sort,low,4
20260721_050050:97,command_injection,long_cube_then_cylinder_sort,medium,1
20260721_050129:98,command_injection,short_cube_pick_place,high,1
20260721_050146:99,command_injection,short_cube_pick_place,medium,1
20260721_050204:100,command_injection,long_cube_then_cylinder_sort,low,1
20260721_053233:1,denial_of_service,short_cube_pick_place,medium,2
20260721_053250:2,denial_of_service,short_cube_pick_place,low,3
20260721_053307:3,denial_of_service,short_cube_pick_place,low,1
20260721_053324:4,denial_of_service,short_cube_pick_place,medium,5
20260721_053341:5,denial_of_service,long_cube_then_cylinder_sort,high,4
20260721_053504:6,denial_of_service,long_cube_then_cylinder_sort,low,2
20260721_053614:7,denial_of_service,long_cube_then_cylinder_sort,high,4
20260721_053944:8,denial_of_service,long_cube_then_cylinder_sort,medium,2
20260721_054055:9,denial_of_service,short_cube_pick_place,high,2
20260721_054112:10,denial_of_service,short_cube_pick_place,low,1
20260721_054129:11,denial_of_service,short_cube_pick_place,high,3
20260721_054159:12,denial_of_service,long_cube_then_cylinder_sort,high,2
20260721_054248:13,denial_of_service,long_cube_then_cylinder_sort,low,1
20260721_054325:14,denial_of_service,short_cube_pick_place,low,5
20260721_054341:15,denial_of_service,short_cube_pick_place,low,4
20260721_054410:16,denial_of_service,long_cube_then_cylinder_sort,low,3
20260721_054447:17,denial_of_service,short_cube_pick_place,medium,4
20260721_054505:18,denial_of_service,short_cube_pick_place,high,1
20260721_054523:19,denial_of_service,long_cube_then_cylinder_sort,high,1
20260721_054601:20,denial_of_service,short_cube_pick_place,high,1
20260721_054619:21,denial_of_service,short_cube_pick_place,medium,5
20260721_054636:22,denial_of_service,long_cube_then_cylinder_sort,high,5
20260721_054725:23,denial_of_service,short_cube_pick_place,medium,4
20260721_054805:24,denial_of_service,long_cube_then_cylinder_sort,high,5
20260721_054854:25,denial_of_service,long_cube_then_cylinder_sort,low,1
20260721_054952:26,denial_of_service,short_cube_pick_place,low,2
20260721_055009:27,denial_of_service,short_cube_pick_place,high,3
20260721_055027:28,denial_of_service,short_cube_pick_place,high,1
20260721_055057:29,denial_of_service,long_cube_then_cylinder_sort,low,4
20260721_055133:30,denial_of_service,long_cube_then_cylinder_sort,low,2
20260721_055222:31,denial_of_service,long_cube_then_cylinder_sort,medium,3
20260721_055258:32,denial_of_service,short_cube_pick_place,high,4
20260721_055316:33,denial_of_service,long_cube_then_cylinder_sort,medium,4
20260721_055404:34,denial_of_service,short_cube_pick_place,low,5
20260721_055428:35,denial_of_service,long_cube_then_cylinder_sort,medium,1
20260721_055517:36,denial_of_service,short_cube_pick_place,low,4
20260721_055536:37,denial_of_service,long_cube_then_cylinder_sort,medium,3
20260721_055624:38,denial_of_service,long_cube_then_cylinder_sort,high,3
20260721_055713:39,denial_of_service,short_cube_pick_place,low,3
20260721_055743:40,denial_of_service,long_cube_then_cylinder_sort,high,4
20260721_055821:41,denial_of_service,short_cube_pick_place,high,3
20260721_055840:42,denial_of_service,short_cube_pick_place,high,4
20260721_055858:43,denial_of_service,short_cube_pick_place,high,4
20260721_055917:44,denial_of_service,short_cube_pick_place,medium,2
20260721_055934:45,denial_of_service,long_cube_then_cylinder_sort,low,1
20260721_060011:46,denial_of_service,short_cube_pick_place,low,1
20260721_060039:47,denial_of_service,long_cube_then_cylinder_sort,low,4
20260721_060116:48,denial_of_service,short_cube_pick_place,low,2
20260721_060134:49,denial_of_service,long_cube_then_cylinder_sort,medium,5
20260721_060211:50,denial_of_service,long_cube_then_cylinder_sort,medium,4
20260721_060248:51,denial_of_service,long_cube_then_cylinder_sort,high,1
20260721_060337:52,denial_of_service,long_cube_then_cylinder_sort,medium,5
20260721_060414:53,denial_of_service,long_cube_then_cylinder_sort,medium,3
20260721_060502:54,denial_of_service,long_cube_then_cylinder_sort,high,5
20260721_060624:55,denial_of_service,short_cube_pick_place,medium,3
20260721_060654:56,denial_of_service,long_cube_then_cylinder_sort,high,3
20260721_060743:57,denial_of_service,long_cube_then_cylinder_sort,medium,1
20260721_060821:58,denial_of_service,long_cube_then_cylinder_sort,high,3
20260721_060910:59,denial_of_service,long_cube_then_cylinder_sort,medium,5
20260721_060958:60,denial_of_service,long_cube_then_cylinder_sort,high,1
20260721_061049:61,denial_of_service,short_cube_pick_place,low,3
20260721_061110:62,denial_of_service,short_cube_pick_place,medium,3
20260721_061127:63,denial_of_service,short_cube_pick_place,medium,1
20260721_061147:64,denial_of_service,long_cube_then_cylinder_sort,high,5
20260721_061309:65,denial_of_service,short_cube_pick_place,high,4
20260721_061333:66,denial_of_service,short_cube_pick_place,medium,2
20260721_061350:67,denial_of_service,long_cube_then_cylinder_sort,low,5
20260721_061427:68,denial_of_service,long_cube_then_cylinder_sort,low,1
20260721_061504:69,denial_of_service,long_cube_then_cylinder_sort,high,2
20260721_061552:70,denial_of_service,short_cube_pick_place,medium,1
20260721_061612:71,denial_of_service,short_cube_pick_place,low,4
20260721_061629:72,denial_of_service,short_cube_pick_place,medium,3
20260721_061646:73,denial_of_service,short_cube_pick_place,high,2
20260721_061704:74,denial_of_service,long_cube_then_cylinder_sort,medium,2
20260721_061803:75,denial_of_service,long_cube_then_cylinder_sort,medium,2
20260721_061840:76,denial_of_service,short_cube_pick_place,low,2
20260721_061857:77,denial_of_service,long_cube_then_cylinder_sort,medium,3
20260721_061957:78,denial_of_service,short_cube_pick_place,high,2
20260721_062017:79,denial_of_service,short_cube_pick_place,high,5
20260721_062058:80,denial_of_service,long_cube_then_cylinder_sort,high,4
20260721_062146:81,denial_of_service,long_cube_then_cylinder_sort,low,5
20260721_062245:82,denial_of_service,short_cube_pick_place,low,3
20260721_062302:83,denial_of_service,long_cube_then_cylinder_sort,low,3
20260721_062400:84,denial_of_service,short_cube_pick_place,high,5
20260721_062429:85,denial_of_service,short_cube_pick_place,medium,1
20260721_062446:86,denial_of_service,short_cube_pick_place,medium,5
20260721_062503:87,denial_of_service,long_cube_then_cylinder_sort,low,2
20260721_062552:88,denial_of_service,short_cube_pick_place,low,2
20260721_062609:89,denial_of_service,long_cube_then_cylinder_sort,high,2
20260721_062647:90,denial_of_service,long_cube_then_cylinder_sort,low,4
20260721_062735:91,denial_of_service,short_cube_pick_place,medium,4
20260721_062753:92,denial_of_service,short_cube_pick_place,low,5
20260721_062810:93,denial_of_service,long_cube_then_cylinder_sort,medium,4
20260721_062858:94,denial_of_service,short_cube_pick_place,high,5
20260721_062927:95,denial_of_service,long_cube_then_cylinder_sort,low,5
20260721_063004:96,denial_of_service,long_cube_then_cylinder_sort,low,3
20260721_063051:97,denial_of_service,long_cube_then_cylinder_sort,medium,1
20260721_063141:98,denial_of_service,short_cube_pick_place,high,5
20260721_063204:99,denial_of_service,short_cube_pick_place,medium,1
20260721_063228:100,denial_of_service,long_cube_then_cylinder_sort,low,2
20260721_071920:1,replay_attack,short_cube_pick_place,medium,2
20260721_071937:2,replay_attack,short_cube_pick_place,low,5
20260721_071954:3,replay_attack,short_cube_pick_place,low,4
20260721_072011:4,replay_attack,short_cube_pick_place,medium,3
20260721_072028:5,replay_attack,long_cube_then_cylinder_sort,high,5
20260721_072105:6,replay_attack,long_cube_then_cylinder_sort,low,2
20260721_072142:7,replay_attack,long_cube_then_cylinder_sort,high,2
20260721_072219:8,replay_attack,long_cube_then_cylinder_sort,medium,2
20260721_072257:9,replay_attack,short_cube_pick_place,high,4
20260721_072318:10,replay_attack,short_cube_pick_place,low,2
20260721_072348:11,replay_attack,short_cube_pick_place,high,1
20260721_072405:12,replay_attack,long_cube_then_cylinder_sort,high,2
20260721_072443:13,replay_attack,long_cube_then_cylinder_sort,low,2
20260721_072521:14,replay_attack,short_cube_pick_place,low,4
20260721_072538:15,replay_attack,short_cube_pick_place,low,2
20260721_072555:16,replay_attack,long_cube_then_cylinder_sort,low,1
20260721_072632:17,replay_attack,short_cube_pick_place,medium,3
20260721_072652:18,replay_attack,short_cube_pick_place,high,3
20260721_072709:19,replay_attack,long_cube_then_cylinder_sort,high,2
20260721_072746:20,replay_attack,short_cube_pick_place,high,5
20260721_072809:21,replay_attack,short_cube_pick_place,medium,4
20260721_072826:22,replay_attack,long_cube_then_cylinder_sort,high,3
20260721_072904:23,replay_attack,short_cube_pick_place,medium,5
20260721_072923:24,replay_attack,long_cube_then_cylinder_sort,high,5
20260721_073000:25,replay_attack,long_cube_then_cylinder_sort,low,5
20260721_073038:26,replay_attack,short_cube_pick_place,low,3
20260721_073055:27,replay_attack,short_cube_pick_place,high,2
20260721_073112:28,replay_attack,short_cube_pick_place,high,5
20260721_073130:29,replay_attack,long_cube_then_cylinder_sort,low,3
20260721_073207:30,replay_attack,long_cube_then_cylinder_sort,low,4
20260721_073245:31,replay_attack,long_cube_then_cylinder_sort,medium,4
20260721_073323:32,replay_attack,short_cube_pick_place,high,5
20260721_073341:33,replay_attack,long_cube_then_cylinder_sort,medium,3
20260721_073418:34,replay_attack,short_cube_pick_place,low,2
20260721_073440:35,replay_attack,long_cube_then_cylinder_sort,medium,5
20260721_073517:36,replay_attack,short_cube_pick_place,low,3
20260721_073536:37,replay_attack,long_cube_then_cylinder_sort,medium,1
20260721_073613:38,replay_attack,long_cube_then_cylinder_sort,high,3
20260721_073651:39,replay_attack,short_cube_pick_place,low,1
20260721_073710:40,replay_attack,long_cube_then_cylinder_sort,high,5
20260721_073748:41,replay_attack,short_cube_pick_place,high,2
20260721_073806:42,replay_attack,short_cube_pick_place,high,4
20260721_073823:43,replay_attack,short_cube_pick_place,high,1
20260721_073844:44,replay_attack,short_cube_pick_place,medium,5
20260721_073905:45,replay_attack,long_cube_then_cylinder_sort,low,4
20260721_073942:46,replay_attack,short_cube_pick_place,low,1
20260721_074000:47,replay_attack,long_cube_then_cylinder_sort,low,5
20260721_074037:48,replay_attack,short_cube_pick_place,low,1
20260721_074057:49,replay_attack,long_cube_then_cylinder_sort,medium,5
20260721_074135:50,replay_attack,long_cube_then_cylinder_sort,medium,4
20260721_074214:51,replay_attack,long_cube_then_cylinder_sort,high,5
20260721_074252:52,replay_attack,long_cube_then_cylinder_sort,medium,1
20260721_074329:53,replay_attack,long_cube_then_cylinder_sort,medium,1
20260721_074406:54,replay_attack,long_cube_then_cylinder_sort,high,1
20260721_074444:55,replay_attack,short_cube_pick_place,medium,1
20260721_074505:56,replay_attack,long_cube_then_cylinder_sort,high,1
20260721_074543:57,replay_attack,long_cube_then_cylinder_sort,medium,3
20260721_074620:58,replay_attack,long_cube_then_cylinder_sort,high,4
20260721_074700:59,replay_attack,long_cube_then_cylinder_sort,medium,5
20260721_074737:60,replay_attack,long_cube_then_cylinder_sort,high,4
20260721_074815:61,replay_attack,short_cube_pick_place,low,5
20260721_074832:62,replay_attack,short_cube_pick_place,medium,4
20260721_074854:63,replay_attack,short_cube_pick_place,medium,1
20260721_074919:64,replay_attack,long_cube_then_cylinder_sort,high,4
20260721_074956:65,replay_attack,short_cube_pick_place,high,3
20260721_075017:66,replay_attack,short_cube_pick_place,medium,4
20260721_075042:67,replay_attack,long_cube_then_cylinder_sort,low,2
20260721_075118:68,replay_attack,long_cube_then_cylinder_sort,low,1
20260721_075155:69,replay_attack,long_cube_then_cylinder_sort,high,4
20260721_075233:70,replay_attack,short_cube_pick_place,medium,3
20260721_075251:71,replay_attack,short_cube_pick_place,low,3
20260721_075308:72,replay_attack,short_cube_pick_place,medium,5
20260721_075327:73,replay_attack,short_cube_pick_place,high,5
20260721_075349:74,replay_attack,long_cube_then_cylinder_sort,medium,2
20260721_075427:75,replay_attack,long_cube_then_cylinder_sort,medium,3
20260721_075504:76,replay_attack,short_cube_pick_place,low,2
20260721_075521:77,replay_attack,long_cube_then_cylinder_sort,medium,2
20260721_075558:78,replay_attack,short_cube_pick_place,high,4
20260721_075619:79,replay_attack,short_cube_pick_place,high,3
20260721_075637:80,replay_attack,long_cube_then_cylinder_sort,high,3
20260721_075716:81,replay_attack,long_cube_then_cylinder_sort,low,2
20260721_075753:82,replay_attack,short_cube_pick_place,low,3
20260721_075811:83,replay_attack,long_cube_then_cylinder_sort,low,3
20260721_075848:84,replay_attack,short_cube_pick_place,high,1
20260721_075913:85,replay_attack,short_cube_pick_place,medium,1
20260721_075935:86,replay_attack,short_cube_pick_place,medium,1
20260721_075954:87,replay_attack,long_cube_then_cylinder_sort,low,1
20260721_080031:88,replay_attack,short_cube_pick_place,low,4
20260721_080048:89,replay_attack,long_cube_then_cylinder_sort,high,1
20260721_080126:90,replay_attack,long_cube_then_cylinder_sort,low,1
20260721_080204:91,replay_attack,short_cube_pick_place,medium,2
20260721_080221:92,replay_attack,short_cube_pick_place,low,5
20260721_080238:93,replay_attack,long_cube_then_cylinder_sort,medium,3
20260721_080316:94,replay_attack,short_cube_pick_place,high,4
20260721_080334:95,replay_attack,long_cube_then_cylinder_sort,low,4
20260721_080411:96,replay_attack,long_cube_then_cylinder_sort,low,5
20260721_080448:97,replay_attack,long_cube_then_cylinder_sort,medium,4
20260721_080526:98,replay_attack,short_cube_pick_place,high,2
20260721_080607:99,replay_attack,short_cube_pick_place,medium,2
20260721_080626:100,replay_attack,long_cube_then_cylinder_sort,low,3
