analysis,feature_set,features,threshold_mean,precision_mean,precision_std,precision_ci95_low,precision_ci95_high,recall_mean,recall_std,recall_ci95_low,recall_ci95_high,f1_mean,f1_std,f1_ci95_low,f1_ci95_high,pr_auc_mean,pr_auc_std,pr_auc_ci95_low,pr_auc_ci95_high,balanced_accuracy_mean,balanced_accuracy_std,balanced_accuracy_ci95_low,balanced_accuracy_ci95_high,mcc_mean,mcc_std,mcc_ci95_low,mcc_ci95_high,normal_run_false_positive_rate_mean,normal_run_false_positive_rate_std,normal_run_false_positive_rate_ci95_low,normal_run_false_positive_rate_ci95_high,attacked_run_recall_mean,attacked_run_recall_std,attacked_run_recall_ci95_low,attacked_run_recall_ci95_high
leave_one_out,Without command targets,205,0.45888888888888885,1.0,0.0,1.0,1.0,0.985,0.01629800601300662,0.9647633526911411,1.0,0.9923888367442043,0.008295533035188807,0.9820885720285003,1.0,1.0,5.551115123125783e-17,0.9999999999999999,1.0,0.9925,0.00814900300650332,0.9823816763455706,1.0,0.9920559276990449,0.008642911033372978,0.9813243362292275,1.0,0.0,0.0,0.0,0.0,0.985,0.01629800601300662,0.9647633526911411,1.0
leave_one_out,Without joint efforts,165,0.49222222222222217,0.9975308641975309,0.005521155499999505,0.9906754441846968,1.0,0.9824999999999999,0.02091650066335191,0.9565287341579106,1.0,0.9898400516421099,0.009743001730379555,0.9777425171590606,1.0,0.9999691358024692,6.901444374998637e-05,0.9998834430523087,1.0,0.9911842105263158,0.010390259695377988,0.9782829991305773,1.0,0.9894112078206396,0.010099089417824114,0.9768715320758868,1.0,0.0,0.0,0.0,0.0,0.9824999999999999,0.02091650066335191,0.9565287341579106,1.0
leave_one_out,Without joint positions,156,0.45999999999999996,0.9975308641975309,0.005521155499999505,0.9906754441846968,1.0,0.99,0.01629800601300661,0.9697633526911412,1.0,0.9936782462889798,0.007801244776486435,0.9839917215088414,1.0,1.0,1.2412670766236366e-16,0.9999999999999999,1.0,0.9949342105263158,0.008099723628197811,0.9848770753017821,1.0,0.9933977519824616,0.008122610159530858,0.983312199375928,1.0,0.005,0.011180339887498949,0.0,0.018882225525988994,0.99,0.01629800601300661,0.9697633526911412,1.0
leave_one_out,Without joint velocities,156,0.45444444444444443,0.9975308641975309,0.005521155499999505,0.9906754441846968,1.0,0.985,0.01629800601300662,0.9647633526911411,1.0,0.9911466007193596,0.007272858246708028,0.9821161544703828,1.0,1.0,5.551115123125783e-17,0.9999999999999999,1.0,0.9924342105263158,0.00807430112410105,0.9824086415098633,1.0,0.9907521328372466,0.007570053812206981,0.981352669554164,1.0,0.005,0.011180339887498949,0.0,0.018882225525988994,0.985,0.01629800601300662,0.9647633526911411,1.0
leave_one_out,Without sampling context,216,0.49333333333333335,1.0,0.0,1.0,1.0,0.9825000000000002,0.018957188610128867,0.9589615413956446,1.0,0.991098826262869,0.00966506177465027,0.9790980670168704,1.0,1.0,1.3597399555105182e-16,0.9999999999999998,1.0,0.99125,0.009478594305064463,0.9794807706978221,1.0,0.9907223693007197,0.010060227913835335,0.9782309464863858,1.0,0.0,0.0,0.0,0.0,0.9825000000000002,0.018957188610128867,0.9589615413956446,1.0
leave_one_out,Without timing and context,211,0.5066666666666666,1.0,0.0,1.0,1.0,0.9824999999999999,0.01677050983124842,0.9616766617110164,1.0,0.991115052809804,0.008527549559239503,0.980526701529198,1.0,1.0,5.551115123125783e-17,0.9999999999999999,1.0,0.99125,0.008385254915624215,0.9808383308555082,1.0,0.9907295841660299,0.008889717831266469,0.9796915415807562,1.0,0.0,0.0,0.0,0.0,0.9824999999999999,0.01677050983124842,0.9616766617110164,1.0
leave_one_out,Without tracking residuals,205,0.5177777777777778,1.0,0.0,1.0,1.0,0.9800000000000001,0.022707377655731203,0.951805066671262,1.0,0.9897922771856192,0.011631379349379273,0.9753500121980443,1.0,1.0,5.551115123125783e-17,0.9999999999999999,1.0,0.99,0.01135368882786561,0.9759025333356309,1.0,0.9893814442841127,0.012074531102739766,0.9743889337186491,1.0,0.0,0.0,0.0,0.0,0.9800000000000001,0.022707377655731203,0.951805066671262,1.0
standalone,All cyber features,22,0.39333333333333337,0.9751416898368117,0.014856286937810747,0.9566951731991472,0.9935882064744762,0.9775,0.024044230077089192,0.9476451451487502,1.0,0.9762064510409845,0.016363259894991253,0.9558887803361222,0.9965241217458467,0.9965469950586009,0.005344255643017119,0.9899112252294692,1.0,0.9880921052631579,0.012156374506230635,0.9729979726900893,1.0,0.9750199997127067,0.017143425380524067,0.9537336256118173,0.9963063738135961,0.034999999999999996,0.022360679774997894,0.007235548948022013,0.06276445105197798,0.9775,0.024044230077089192,0.9476451451487502,1.0
standalone,All fused features,219,0.4877777777777778,1.0,0.0,1.0,1.0,0.985,0.01629800601300662,0.9647633526911411,1.0,0.9923888367442043,0.008295533035188807,0.9820885720285003,1.0,1.0,0.0,1.0,1.0,0.9925,0.00814900300650332,0.9823816763455706,1.0,0.9920559276990449,0.008642911033372978,0.9813243362292275,1.0,0.0,0.0,0.0,0.0,0.985,0.01629800601300662,0.9647633526911411,1.0
standalone,All physical features,183,0.47111111111111115,1.0,0.0,1.0,1.0,0.9875,0.017677669529663684,0.965550274172873,1.0,0.9936466983794243,0.008993537945929594,0.982479746095484,1.0,1.0,5.551115123125783e-17,0.9999999999999999,1.0,0.99375,0.008838834764831851,0.9827751370864365,1.0,0.9933752033112448,0.009372689165560567,0.9817374726080138,1.0,0.0,0.0,0.0,0.0,0.9875,0.017677669529663684,0.965550274172873,1.0
standalone,Command targets,14,0.8827493701820801,1.0,0.0,1.0,1.0,0.5725,0.024044230077089185,0.5426451451487502,0.6023548548512498,0.7279006404687218,0.019561470544342503,0.7036118667418884,0.7521894141955553,0.7069828265136862,0.020865832447205118,0.6810744735714396,0.7328911794559327,0.7862500000000001,0.012022115038544579,0.7713225725743752,0.801177427425625,0.7481411953185766,0.016236941554739655,0.7279803695491177,0.7683020210880355,0.0,0.0,0.0,0.0,0.5725,0.024044230077089185,0.5426451451487502,0.6023548548512498
standalone,Joint efforts,54,0.3655555555555555,0.8844577259163613,0.046351811273656604,0.8269043506063264,0.9420111012263962,0.8549999999999999,0.0447213595499958,0.7994710978960439,0.9105289021039559,0.8680127967473238,0.02250752482414506,0.8400660134845053,0.8959595800101423,0.9587537058967779,0.009408636073089588,0.9470713412126213,0.9704360705809345,0.9244736842105261,0.021528593770216178,0.8977424043940948,0.9512049640269574,0.8621277218589822,0.023412981246385415,0.8330566659547255,0.891198777763239,0.13,0.0873212459828649,0.021576352584781383,0.23842364741521863,0.8549999999999999,0.0447213595499958,0.7994710978960439,0.9105289021039559
standalone,Joint positions,63,0.33555555555555555,0.9926829268292682,0.016361473006096035,0.972367474840016,1.0,0.99,0.010458250331675948,0.9770143670789554,1.0,0.9912722211902214,0.010351070909932416,0.978419669098504,1.0,0.9998809523809523,0.0002661985687498747,0.9995504232017622,1.0,0.9948026315789473,0.005306156592481349,0.9882141679692317,1.0,0.9908500172124766,0.010862921361233456,0.9773619188429143,1.0,0.01,0.022360679774997897,0.0,0.03776445105197799,0.99,0.010458250331675948,0.9770143670789554,1.0
standalone,Joint velocities,63,0.33222222222222225,0.9829540383757251,0.02019776038132352,0.9578752064658893,1.0,0.99,0.005590169943749454,0.9830588872370055,0.9969411127629945,0.9863803633050274,0.010935859328632459,0.9728017004872437,0.9999590261228112,0.9983512243429271,0.002089287754723756,0.9957570309559987,1.0,0.9945394736842104,0.002920044871206865,0.9909137590944932,0.9981651882739275,0.9857099912562054,0.011462312350264058,0.9714776506747161,0.9999423318376947,0.025,0.030618621784789725,0.0,0.06301804034479094,0.99,0.005590169943749454,0.9830588872370055,0.9969411127629945
standalone,Sampling context,3,0.29333333333333333,0.2670830670531917,0.03668275506029541,0.22153541073989583,0.31263072336648756,0.3125,0.03535533905932736,0.2686005483457458,0.3563994516542542,0.28683903599177624,0.030227045702409236,0.2493072015710348,0.32437087041251766,0.23111811293042334,0.044951921461841286,0.17530293040117179,0.2869332954596749,0.6333552631578947,0.016889773721728552,0.6123838391898163,0.6543266871259731,0.24753022838604558,0.03225999924810806,0.20747414873758924,0.2875863080345019,0.48,0.13851895177195067,0.30800600451584503,0.6519939954841549,0.5874999999999999,0.04592793267718457,0.5304729394828135,0.6445270605171863
standalone,Timing and context,8,0.3866666666666667,0.9431919234897641,0.0278972238556668,0.9085529449783514,0.9778309020011768,0.9450000000000001,0.025920551691659646,0.9128153841508866,0.9771846158491135,0.9438488963666227,0.02107633727660766,0.917679167156259,0.9700186255769865,0.9791983471383927,0.008625006260191737,0.9684889873808306,0.9899077068959549,0.9709868421052631,0.013094832432169332,0.9547274601117274,0.9872462240987988,0.9410256023079763,0.02210297074561804,0.9135811392797913,0.9684700653361612,0.085,0.04541475531146238,0.028610133342523887,0.14138986665747613,0.9450000000000001,0.025920551691659646,0.9128153841508866,0.9771846158491135
standalone,Tracking residuals,14,0.3700230350748337,0.8375765393876848,0.03462140773482949,0.7945883838362137,0.880564694939156,0.7975,0.05955564624785797,0.7235518981642756,0.8714481018357244,0.8152460796114045,0.024092454361901754,0.7853313464018638,0.8451608128209452,0.8931164835292293,0.02141049460086468,0.8665318431995995,0.9197011238588592,0.8946052631578947,0.0287613641276278,0.8588933127813899,0.9303172135343994,0.807062113141569,0.024600552459842738,0.7765164928162591,0.8376077334668788,0.17500000000000002,0.07288689868556625,0.08449896196140697,0.26550103803859304,0.8074999999999999,0.05836308764964374,0.7350326552414264,0.8799673447585734
